Word,Colour,stim_condition,Corr_resp,thisN,thisTrialN,thisRepN,key_resp.keys,key_resp.corr,key_resp.rt,key_resp.duration,trials.thisRepN,trials.thisTrialN,trials.thisN,trials.thisIndex,thisRow.t,notes,Instruction.started,text.started,text.stopped,Instruction.stopped,trial.started,fixation_polygon.started,fixation_polygon.stopped,Stroop_text.started,key_resp.started,trial.stopped,trials.key_resp.keys,trials.key_resp.corr,trials.key_resp.rt,trials.key_resp.duration,Thank_you.started,text_2.started,text_2.stopped,Thank_you.stopped,participant,session,date,expName,psychopyVersion,frameRate,expStart,
,,,,,,,,,,,,,,,,,0.004164100042544305,0.011755399988032877,10.043828399968334,9.99916220002342,,,,,,,,,,,,,,,P2,001,2025-08-24_21h27.51.950,Stroop task,2024.2.4,60.001644043595135,2025-08-24 21h28.04.544887 +0530,
BLUE,blue,C,b,0,0,0,b,1,1.1523429000517353,None,0,0,0,2,10.043828399968334,,,,,,10.037545899976976,10.043828399968334,10.514349299948663,10.514349299948663,10.514349299948663,11.69701919995714,b,1,1.1523429000517353,None,,,,,P2,001,2025-08-24_21h27.51.950,Stroop task,2024.2.4,60.001644043595135,2025-08-24 21h28.04.544887 +0530,
RED,red,C,r,1,1,0,r,1,1.2196730999276042,None,0,1,1,0,11.714388799970038,,,,,,11.709319800022058,11.714388799970038,12.197488800040446,12.197488800040446,12.197488800040446,13.432577200001106,r,1,1.2196730999276042,None,,,,,P2,001,2025-08-24_21h27.51.950,Stroop task,2024.2.4,60.001644043595135,2025-08-24 21h28.04.544887 +0530,
RED,blue,I,b,2,2,0,b,1,1.3157450999133289,None,0,2,2,1,13.447391399997286,,,,,,13.43372999993153,13.447391399997286,13.947547400020994,13.947547400020994,13.947547400020994,15.267350599984638,b,1,1.3157450999133289,None,,,,,P2,001,2025-08-24_21h27.51.950,Stroop task,2024.2.4,60.001644043595135,2025-08-24 21h28.04.544887 +0530,
BLUE,red,I,r,3,3,0,r,1,1.2575745000503957,None,0,3,3,3,15.280686800018884,,,,,,15.271474099950865,15.280686800018884,15.780876699951477,15.780876699951477,15.780876699951477,17.050921399961226,r,1,1.2575745000503957,None,,,,,P2,001,2025-08-24_21h27.51.950,Stroop task,2024.2.4,60.001644043595135,2025-08-24 21h28.04.544887 +0530,
BLUE,red,I,r,4,0,1,b,0,0.7942289999919012,None,1,0,4,3,17.064189299941063,,,,,,17.052008099970408,17.064189299941063,17.56401289999485,17.56401289999485,17.56401289999485,18.368175799958408,b,0,0.7942289999919012,None,,,,,P2,001,2025-08-24_21h27.51.950,Stroop task,2024.2.4,60.001644043595135,2025-08-24 21h28.04.544887 +0530,
RED,blue,I,b,5,1,1,b,1,1.6746190999401733,None,1,1,5,1,18.38052130001597,,,,,,18.372782599995844,18.38052130001597,18.88050229998771,18.88050229998771,18.88050229998771,20.566361899953336,b,1,1.6746190999401733,None,,,,,P2,001,2025-08-24_21h27.51.950,Stroop task,2024.2.4,60.001644043595135,2025-08-24 21h28.04.544887 +0530,
BLUE,blue,C,b,6,2,1,b,1,0.6991095000412315,None,1,2,6,2,20.580709800007753,,,,,,20.570368699962273,20.580709800007753,21.080767099978402,21.080767099978402,21.080767099978402,21.783767799963243,b,1,0.6991095000412315,None,,,,,P2,001,2025-08-24_21h27.51.950,Stroop task,2024.2.4,60.001644043595135,2025-08-24 21h28.04.544887 +0530,
RED,red,C,r,7,3,1,r,1,0.6685827999608591,None,1,3,7,0,21.79726479994133,,,,,,21.78799019998405,21.79726479994133,22.29805750004016,22.29805750004016,22.29805750004016,22.983919500024058,r,1,0.6685827999608591,None,,,,,P2,001,2025-08-24_21h27.51.950,Stroop task,2024.2.4,60.001644043595135,2025-08-24 21h28.04.544887 +0530,
BLUE,red,I,r,8,0,2,b,0,0.5605388999683782,None,2,0,8,3,22.997501599951647,,,,,,22.988791599986143,22.997501599951647,23.497507699998096,23.497507699998096,23.497507699998096,24.06756699993275,b,0,0.5605388999683782,None,,,,,P2,001,2025-08-24_21h27.51.950,Stroop task,2024.2.4,60.001644043595135,2025-08-24 21h28.04.544887 +0530,
RED,red,C,r,9,1,2,r,1,1.3583503999980167,None,2,1,9,0,24.080581999965943,,,,,,24.072353499941528,24.080581999965943,24.580526900012046,24.580526900012046,24.580526900012046,25.951021699933335,r,1,1.3583503999980167,None,,,,,P2,001,2025-08-24_21h27.51.950,Stroop task,2024.2.4,60.001644043595135,2025-08-24 21h28.04.544887 +0530,
BLUE,blue,C,b,10,2,2,b,1,0.6805460000177845,None,2,2,10,2,25.96398609993048,,,,,,25.955822499934584,25.96398609993048,26.464091500034556,26.464091500034556,26.464091500034556,27.150508899940178,b,1,0.6805460000177845,None,,,,,P2,001,2025-08-24_21h27.51.950,Stroop task,2024.2.4,60.001644043595135,2025-08-24 21h28.04.544887 +0530,
RED,blue,I,b,11,3,2,r,0,0.7500371999340132,None,2,3,11,1,27.164052900043316,,,,,,27.154401700012386,27.164052900043316,27.66421940003056,27.66421940003056,27.66421940003056,28.41835649998393,r,0,0.7500371999340132,None,,,,,P2,001,2025-08-24_21h27.51.950,Stroop task,2024.2.4,60.001644043595135,2025-08-24 21h28.04.544887 +0530,
RED,blue,I,b,12,0,3,b,1,1.060907099978067,None,3,0,12,1,28.430554899969138,,,,,,28.419479200034402,28.430554899969138,28.930487300036475,28.930487300036475,28.930487300036475,29.999892199994065,b,1,1.060907099978067,None,,,,,P2,001,2025-08-24_21h27.51.950,Stroop task,2024.2.4,60.001644043595135,2025-08-24 21h28.04.544887 +0530,
RED,red,C,r,13,1,3,r,1,0.7075755000114441,None,3,1,13,0,30.013855200028047,,,,,,30.000832599936984,30.013855200028047,30.513979999930598,30.513979999930598,30.513979999930598,31.23477430001367,r,1,0.7075755000114441,None,,,,,P2,001,2025-08-24_21h27.51.950,Stroop task,2024.2.4,60.001644043595135,2025-08-24 21h28.04.544887 +0530,
BLUE,blue,C,b,14,2,3,b,1,0.5627611000090837,None,3,2,14,2,31.24725649994798,,,,,,31.24034080002457,31.24725649994798,31.747748299967498,31.747748299967498,31.747748299967498,32.316485599963926,b,1,0.5627611000090837,None,,,,,P2,001,2025-08-24_21h27.51.950,Stroop task,2024.2.4,60.001644043595135,2025-08-24 21h28.04.544887 +0530,
BLUE,red,I,r,15,3,3,r,1,0.7852512000827119,None,3,3,15,3,32.330532799940556,,,,,,32.31732389994431,32.330532799940556,32.83047709998209,32.83047709998209,32.83047709998209,33.632218300015666,r,1,0.7852512000827119,None,,,,,P2,001,2025-08-24_21h27.51.950,Stroop task,2024.2.4,60.001644043595135,2025-08-24 21h28.04.544887 +0530,
RED,red,C,r,16,0,4,r,1,0.6147249001078308,None,4,0,16,0,33.647034500027075,,,,,,33.63737529993523,33.647034500027075,34.147541699931026,34.147541699931026,34.147541699931026,34.767391499946825,r,1,0.6147249001078308,None,,,,,P2,001,2025-08-24_21h27.51.950,Stroop task,2024.2.4,60.001644043595135,2025-08-24 21h28.04.544887 +0530,
BLUE,red,I,r,17,1,4,r,1,0.8459508999949321,None,4,1,17,3,34.780240899999626,,,,,,34.7723171999678,34.780240899999626,35.280466399970464,35.280466399970464,35.280466399970464,36.13283609994687,r,1,0.8459508999949321,None,,,,,P2,001,2025-08-24_21h27.51.950,Stroop task,2024.2.4,60.001644043595135,2025-08-24 21h28.04.544887 +0530,
BLUE,blue,C,b,18,2,4,b,1,0.8966482999967411,None,4,2,18,2,36.14704559999518,,,,,,36.13399869995192,36.14704559999518,36.647133599966764,36.647133599966764,36.647133599966764,37.55079809995368,b,1,0.8966482999967411,None,,,,,P2,001,2025-08-24_21h27.51.950,Stroop task,2024.2.4,60.001644043595135,2025-08-24 21h28.04.544887 +0530,
RED,blue,I,b,19,3,4,b,1,0.7746520000509918,None,4,3,19,1,37.56360290001612,,,,,,37.55477990000509,37.56360290001612,38.06435150001198,38.06435150001198,38.06435150001198,38.84969740000088,b,1,0.7746520000509918,None,,,,,P2,001,2025-08-24_21h27.51.950,Stroop task,2024.2.4,60.001644043595135,2025-08-24 21h28.04.544887 +0530,
BLUE,red,I,r,20,0,5,r,1,0.8843689999775961,None,5,0,20,3,38.863822799990885,,,,,,38.85467080003582,38.863822799990885,39.363842400023714,39.363842400023714,39.363842400023714,40.26546899997629,r,1,0.8843689999775961,None,,,,,P2,001,2025-08-24_21h27.51.950,Stroop task,2024.2.4,60.001644043595135,2025-08-24 21h28.04.544887 +0530,
RED,red,C,r,21,1,5,r,1,0.5690131000010297,None,5,1,21,0,40.28024849994108,,,,,,40.27093290002085,40.28024849994108,40.78024250001181,40.78024250001181,40.78024250001181,41.36703550000675,r,1,0.5690131000010297,None,,,,,P2,001,2025-08-24_21h27.51.950,Stroop task,2024.2.4,60.001644043595135,2025-08-24 21h28.04.544887 +0530,
BLUE,blue,C,b,22,2,5,b,1,0.5022347000194713,None,5,2,22,2,41.380251699942164,,,,,,41.371781799942255,41.380251699942164,41.88020250003319,41.88020250003319,41.88020250003319,42.399301299941726,b,1,0.5022347000194713,None,,,,,P2,001,2025-08-24_21h27.51.950,Stroop task,2024.2.4,60.001644043595135,2025-08-24 21h28.04.544887 +0530,
RED,blue,I,b,23,3,5,b,1,0.5894430000334978,None,5,3,23,1,42.41365230001975,,,,,,42.404549599974416,42.41365230001975,42.91354440001305,42.91354440001305,42.91354440001305,43.51644579996355,b,1,0.5894430000334978,None,,,,,P2,001,2025-08-24_21h27.51.950,Stroop task,2024.2.4,60.001644043595135,2025-08-24 21h28.04.544887 +0530,
BLUE,red,I,r,24,0,6,r,1,0.7749205000000075,None,6,0,24,3,43.530282699968666,,,,,,43.52106369996909,43.530282699968666,44.03008289996069,44.03008289996069,44.03008289996069,44.81701879994944,r,1,0.7749205000000075,None,,,,,P2,001,2025-08-24_21h27.51.950,Stroop task,2024.2.4,60.001644043595135,2025-08-24 21h28.04.544887 +0530,
BLUE,blue,C,b,25,1,6,b,1,0.5402156999334693,None,6,1,25,2,44.830268000019714,,,,,,44.81786219996866,44.830268000019714,45.33052860002499,45.33052860002499,45.33052860002499,45.88428150000982,b,1,0.5402156999334693,None,,,,,P2,001,2025-08-24_21h27.51.950,Stroop task,2024.2.4,60.001644043595135,2025-08-24 21h28.04.544887 +0530,
RED,red,C,r,26,2,6,r,1,0.5847798000322655,None,6,2,26,0,45.89704740000889,,,,,,45.889515699935146,45.89704740000889,46.3970726999687,46.3970726999687,46.3970726999687,46.99993499997072,r,1,0.5847798000322655,None,,,,,P2,001,2025-08-24_21h27.51.950,Stroop task,2024.2.4,60.001644043595135,2025-08-24 21h28.04.544887 +0530,
RED,blue,I,b,27,3,6,b,1,0.5431177999125794,None,6,3,27,1,47.01391079998575,,,,,,47.00113230000716,47.01391079998575,47.51397850003559,47.51397850003559,47.51397850003559,48.06633679999504,b,1,0.5431177999125794,None,,,,,P2,001,2025-08-24_21h27.51.950,Stroop task,2024.2.4,60.001644043595135,2025-08-24 21h28.04.544887 +0530,
BLUE,red,I,r,28,0,7,b,0,2.4120877999812365,None,7,0,28,3,48.08019639994018,,,,,,48.07130079995841,48.08019639994018,48.58069109998178,48.58069109998178,48.58069109998178,50.998669900000095,b,0,2.4120877999812365,None,,,,,P2,001,2025-08-24_21h27.51.950,Stroop task,2024.2.4,60.001644043595135,2025-08-24 21h28.04.544887 +0530,
BLUE,blue,C,b,29,1,7,b,1,0.998018299927935,None,7,1,29,2,51.0137732999865,,,,,,50.99946219997946,51.0137732999865,51.51383900002111,51.51383900002111,51.51383900002111,52.52060429996345,b,1,0.998018299927935,None,,,,,P2,001,2025-08-24_21h27.51.950,Stroop task,2024.2.4,60.001644043595135,2025-08-24 21h28.04.544887 +0530,
RED,blue,I,b,30,2,7,b,1,0.8292367999674752,None,7,2,30,1,52.53010969993193,,,,,,52.525152200018056,52.53010969993193,53.03045670001302,53.03045670001302,53.03045670001302,53.86604410002474,b,1,0.8292367999674752,None,,,,,P2,001,2025-08-24_21h27.51.950,Stroop task,2024.2.4,60.001644043595135,2025-08-24 21h28.04.544887 +0530,
RED,red,C,r,31,3,7,r,1,1.0192330999998376,None,7,3,31,0,53.88004079996608,,,,,,53.86686159996316,53.88004079996608,54.38054259994533,54.38054259994533,54.38054259994533,55.41668949997984,r,1,1.0192330999998376,None,,,,,P2,001,2025-08-24_21h27.51.950,Stroop task,2024.2.4,60.001644043595135,2025-08-24 21h28.04.544887 +0530,
RED,red,C,r,32,0,8,b,0,0.5112656999845058,None,8,0,32,0,55.430403999984264,,,,,,55.41792329994496,55.430403999984264,55.93078049994074,55.93078049994074,55.93078049994074,56.44866799993906,b,0,0.5112656999845058,None,,,,,P2,001,2025-08-24_21h27.51.950,Stroop task,2024.2.4,60.001644043595135,2025-08-24 21h28.04.544887 +0530,
BLUE,blue,C,b,33,1,8,b,1,0.9275995999341831,None,8,1,33,2,56.46332919993438,,,,,,56.45413159998134,56.46332919993438,56.963869699975476,56.963869699975476,56.963869699975476,57.89876849995926,b,1,0.9275995999341831,None,,,,,P2,001,2025-08-24_21h27.51.950,Stroop task,2024.2.4,60.001644043595135,2025-08-24 21h28.04.544887 +0530,
RED,blue,I,b,34,2,8,b,1,1.641978899948299,None,8,2,34,1,57.91329089994542,,,,,,57.903081899974495,57.91329089994542,58.41417360003106,58.41417360003106,58.41417360003106,60.06507929996587,b,1,1.641978899948299,None,,,,,P2,001,2025-08-24_21h27.51.950,Stroop task,2024.2.4,60.001644043595135,2025-08-24 21h28.04.544887 +0530,
BLUE,red,I,r,35,3,8,r,1,0.9343194999964908,None,8,3,35,3,60.08095289999619,,,,,,60.06932480004616,60.08095289999619,60.58015259995591,60.58015259995591,60.58015259995591,61.518027600017376,r,1,0.9343194999964908,None,,,,,P2,001,2025-08-24_21h27.51.950,Stroop task,2024.2.4,60.001644043595135,2025-08-24 21h28.04.544887 +0530,
RED,blue,I,b,36,0,9,b,1,0.836964700021781,None,9,0,36,1,61.529986300040036,,,,,,61.52246320003178,61.529986300040036,62.03014119993895,62.03014119993895,62.03014119993895,62.882722400012426,b,1,0.836964700021781,None,,,,,P2,001,2025-08-24_21h27.51.950,Stroop task,2024.2.4,60.001644043595135,2025-08-24 21h28.04.544887 +0530,
BLUE,red,I,r,37,1,9,b,0,0.8981881000800058,None,9,1,37,3,62.89649970002938,,,,,,62.88748539995868,62.89649970002938,63.396615999983624,63.396615999983624,63.396615999983624,64.29916099994443,b,0,0.8981881000800058,None,,,,,P2,001,2025-08-24_21h27.51.950,Stroop task,2024.2.4,60.001644043595135,2025-08-24 21h28.04.544887 +0530,
RED,red,C,r,38,2,9,r,1,1.1538699000375345,None,9,2,38,0,64.31352640001569,,,,,,64.30274610000197,64.31352640001569,64.81327309994958,64.81327309994958,64.81327309994958,65.98391189996619,r,1,1.1538699000375345,None,,,,,P2,001,2025-08-24_21h27.51.950,Stroop task,2024.2.4,60.001644043595135,2025-08-24 21h28.04.544887 +0530,
BLUE,blue,C,b,39,3,9,b,1,0.6444954000180587,None,9,3,39,2,65.99662730004638,,,,,,65.98813750001136,65.99662730004638,66.49732960003894,66.49732960003894,66.49732960003894,67.14869970001746,b,1,0.6444954000180587,None,,,,,P2,001,2025-08-24_21h27.51.950,Stroop task,2024.2.4,60.001644043595135,2025-08-24 21h28.04.544887 +0530,
RED,red,C,r,40,0,10,r,1,0.755860700039193,None,10,0,40,0,67.16343920002691,,,,,,67.15329719998408,67.16343920002691,67.66316829994321,67.66316829994321,67.66316829994321,68.43297029996756,r,1,0.755860700039193,None,,,,,P2,001,2025-08-24_21h27.51.950,Stroop task,2024.2.4,60.001644043595135,2025-08-24 21h28.04.544887 +0530,
BLUE,blue,C,b,41,1,10,b,1,0.7620049000252038,None,10,1,41,2,68.44643589993939,,,,,,68.43719970004167,68.44643589993939,68.94668109994382,68.94668109994382,68.94668109994382,69.71560270001646,b,1,0.7620049000252038,None,,,,,P2,001,2025-08-24_21h27.51.950,Stroop task,2024.2.4,60.001644043595135,2025-08-24 21h28.04.544887 +0530,
BLUE,red,I,r,42,2,10,r,1,1.7707729999674484,None,10,2,42,3,69.72995139996056,,,,,,69.71640899998602,69.72995139996056,70.22994799993467,70.22994799993467,70.22994799993467,72.01527089998126,r,1,1.7707729999674484,None,,,,,P2,001,2025-08-24_21h27.51.950,Stroop task,2024.2.4,60.001644043595135,2025-08-24 21h28.04.544887 +0530,
RED,blue,I,b,43,3,10,b,1,0.7389642000198364,None,10,3,43,1,72.02993830002379,,,,,,72.01939190004487,72.02993830002379,72.5298935000319,72.5298935000319,72.5298935000319,73.28364989999682,b,1,0.7389642000198364,None,,,,,P2,001,2025-08-24_21h27.51.950,Stroop task,2024.2.4,60.001644043595135,2025-08-24 21h28.04.544887 +0530,
BLUE,red,I,r,44,0,11,r,1,0.8065913000609726,None,11,0,44,3,73.29659859999083,,,,,,73.28789469995536,73.29659859999083,73.796848100028,73.796848100028,73.796848100028,74.61709900002461,r,1,0.8065913000609726,None,,,,,P2,001,2025-08-24_21h27.51.950,Stroop task,2024.2.4,60.001644043595135,2025-08-24 21h28.04.544887 +0530,
RED,blue,I,b,45,1,11,b,1,0.7474464999977499,None,11,1,45,1,74.62981089996174,,,,,,74.62156030000187,74.62981089996174,75.13088609999977,75.13088609999977,75.13088609999977,75.8839663999388,b,1,0.7474464999977499,None,,,,,P2,001,2025-08-24_21h27.51.950,Stroop task,2024.2.4,60.001644043595135,2025-08-24 21h28.04.544887 +0530,
RED,red,C,r,46,2,11,r,1,0.8804344999371096,None,11,2,46,0,75.89624489995185,,,,,,75.88495390000753,75.89624489995185,76.39655659999698,76.39655659999698,76.39655659999698,77.28132349997759,r,1,0.8804344999371096,None,,,,,P2,001,2025-08-24_21h27.51.950,Stroop task,2024.2.4,60.001644043595135,2025-08-24 21h28.04.544887 +0530,
BLUE,blue,C,b,47,3,11,b,1,0.6043804000364617,None,11,3,47,2,77.29612900002394,,,,,,77.28653669997584,77.29612900002394,77.79738779994659,77.79738779994659,77.79738779994659,78.4146109999856,b,1,0.6043804000364617,None,,,,,P2,001,2025-08-24_21h27.51.950,Stroop task,2024.2.4,60.001644043595135,2025-08-24 21h28.04.544887 +0530,
RED,red,C,r,48,0,12,r,1,0.5572584000183269,None,12,0,48,0,78.42977609997615,,,,,,78.41952799994033,78.42977609997615,78.92993570002727,78.92993570002727,78.92993570002727,79.49850939994212,r,1,0.5572584000183269,None,,,,,P2,001,2025-08-24_21h27.51.950,Stroop task,2024.2.4,60.001644043595135,2025-08-24 21h28.04.544887 +0530,
BLUE,blue,C,b,49,1,12,b,1,0.3875736000481993,None,12,1,49,2,79.5129745999584,,,,,,79.5026046000421,79.5129745999584,80.01336039998569,80.01336039998569,80.01336039998569,80.41664579999633,b,1,0.3875736000481993,None,,,,,P2,001,2025-08-24_21h27.51.950,Stroop task,2024.2.4,60.001644043595135,2025-08-24 21h28.04.544887 +0530,
RED,blue,I,b,50,2,12,b,1,0.573819600045681,None,12,2,50,1,80.4296796999406,,,,,,80.42093010002282,80.4296796999406,80.92958959995303,80.92958959995303,80.92958959995303,81.51596039999276,b,1,0.573819600045681,None,,,,,P2,001,2025-08-24_21h27.51.950,Stroop task,2024.2.4,60.001644043595135,2025-08-24 21h28.04.544887 +0530,
BLUE,red,I,r,51,3,12,b,0,0.9287196999648586,None,12,3,51,3,81.52971219993196,,,,,,81.52075729996432,81.52971219993196,82.02976429997943,82.02976429997943,82.02976429997943,82.96522549993824,b,0,0.9287196999648586,None,,,,,P2,001,2025-08-24_21h27.51.950,Stroop task,2024.2.4,60.001644043595135,2025-08-24 21h28.04.544887 +0530,
RED,red,C,r,52,0,13,r,1,1.0011237000580877,None,13,0,52,0,82.97956609993707,,,,,,82.96910390001722,82.97956609993707,83.48501810000744,83.48501810000744,83.48501810000744,84.49906289996579,r,1,1.0011237000580877,None,,,,,P2,001,2025-08-24_21h27.51.950,Stroop task,2024.2.4,60.001644043595135,2025-08-24 21h28.04.544887 +0530,
RED,blue,I,b,53,1,13,b,1,0.9686741000041366,None,13,1,53,1,84.51293740002438,,,,,,84.50011529994663,84.51293740002438,85.01314669998828,85.01314669998828,85.01314669998828,85.99874800001271,b,1,0.9686741000041366,None,,,,,P2,001,2025-08-24_21h27.51.950,Stroop task,2024.2.4,60.001644043595135,2025-08-24 21h28.04.544887 +0530,
BLUE,blue,C,b,54,2,13,b,1,0.9855614999542013,None,13,2,54,2,86.01275869994424,,,,,,86.00372309994418,86.01275869994424,86.51307300000917,86.51307300000917,86.51307300000917,87.51544370001648,b,1,0.9855614999542013,None,,,,,P2,001,2025-08-24_21h27.51.950,Stroop task,2024.2.4,60.001644043595135,2025-08-24 21h28.04.544887 +0530,
BLUE,red,I,r,55,3,13,r,1,0.5840019999304786,None,13,3,55,3,87.52951260004193,,,,,,87.5169872000115,87.52951260004193,88.02967760001775,88.02967760001775,88.02967760001775,88.6315537999617,r,1,0.5840019999304786,None,,,,,P2,001,2025-08-24_21h27.51.950,Stroop task,2024.2.4,60.001644043595135,2025-08-24 21h28.04.544887 +0530,
BLUE,blue,C,b,56,0,14,b,1,0.642214999999851,None,14,0,56,2,88.6460796999745,,,,,,88.6327640999807,88.6460796999745,89.14686410001013,89.14686410001013,89.14686410001013,89.79928359994665,b,1,0.642214999999851,None,,,,,P2,001,2025-08-24_21h27.51.950,Stroop task,2024.2.4,60.001644043595135,2025-08-24 21h28.04.544887 +0530,
RED,red,C,r,57,1,14,r,1,0.5031098000472412,None,14,1,57,0,89.81290110002737,,,,,,89.80364279996138,89.81290110002737,90.31286009994801,90.31286009994801,90.31286009994801,90.81850079994183,r,1,0.5031098000472412,None,,,,,P2,001,2025-08-24_21h27.51.950,Stroop task,2024.2.4,60.001644043595135,2025-08-24 21h28.04.544887 +0530,
BLUE,red,I,r,58,2,14,b,0,0.6792448000051081,None,14,2,58,3,90.82955389993731,,,,,,90.82251780002844,90.82955389993731,91.33005650003906,91.33005650003906,91.33005650003906,92.01499719999265,b,0,0.6792448000051081,None,,,,,P2,001,2025-08-24_21h27.51.950,Stroop task,2024.2.4,60.001644043595135,2025-08-24 21h28.04.544887 +0530,
RED,blue,I,b,59,3,14,b,1,1.295599800068885,None,14,3,59,1,92.02949780004565,,,,,,92.01914580003358,92.02949780004565,92.52961970004253,92.52961970004253,92.52961970004253,93.83181220002007,b,1,1.295599800068885,None,,,,,P2,001,2025-08-24_21h27.51.950,Stroop task,2024.2.4,60.001644043595135,2025-08-24 21h28.04.544887 +0530,
RED,red,C,r,60,0,15,r,1,0.6272838999284431,None,15,0,60,0,93.84604640002362,,,,,,93.83283079997636,93.84604640002362,94.34607760002837,94.34607760002837,94.34607760002837,94.98229940002784,r,1,0.6272838999284431,None,,,,,P2,001,2025-08-24_21h27.51.950,Stroop task,2024.2.4,60.001644043595135,2025-08-24 21h28.04.544887 +0530,
BLUE,red,I,r,61,1,15,r,1,0.7150786999845877,None,15,1,61,3,94.99622329999693,,,,,,94.98663409997243,94.99622329999693,95.4970707000466,95.4970707000466,95.4970707000466,96.21613419998903,r,1,0.7150786999845877,None,,,,,P2,001,2025-08-24_21h27.51.950,Stroop task,2024.2.4,60.001644043595135,2025-08-24 21h28.04.544887 +0530,
BLUE,blue,C,b,62,2,15,b,1,0.9597628999035805,None,15,2,62,2,96.2294151999522,,,,,,96.21697950002272,96.2294151999522,96.72927899996284,96.72927899996284,96.72927899996284,97.72748550004326,b,1,0.9597628999035805,None,,,,,P2,001,2025-08-24_21h27.51.950,Stroop task,2024.2.4,60.001644043595135,2025-08-24 21h28.04.544887 +0530,
RED,blue,I,b,63,3,15,b,1,1.2861322000389919,None,15,3,63,1,97.73874679999426,,,,,,97.73116510000546,97.73874679999426,98.22966690000612,98.22966690000612,98.22966690000612,99.53124549996573,b,1,1.2861322000389919,None,,,,,P2,001,2025-08-24_21h27.51.950,Stroop task,2024.2.4,60.001644043595135,2025-08-24 21h28.04.544887 +0530,
BLUE,red,I,r,64,0,16,r,1,0.5701775999041274,None,16,0,64,3,99.54581779998261,,,,,,99.53639949997887,99.54581779998261,100.0458538000239,100.0458538000239,100.0458538000239,100.63190219993703,r,1,0.5701775999041274,None,,,,,P2,001,2025-08-24_21h27.51.950,Stroop task,2024.2.4,60.001644043595135,2025-08-24 21h28.04.544887 +0530,
RED,blue,I,b,65,1,16,b,1,0.41601140005514026,None,16,1,65,1,100.64593769994099,,,,,,100.63631239999086,100.64593769994099,101.14635389996693,101.14635389996693,101.14635389996693,101.5668140000198,b,1,0.41601140005514026,None,,,,,P2,001,2025-08-24_21h27.51.950,Stroop task,2024.2.4,60.001644043595135,2025-08-24 21h28.04.544887 +0530,
RED,red,C,r,66,2,16,r,1,1.2390252000186592,None,16,2,66,0,101.57954379997682,,,,,,101.56770879996475,101.57954379997682,102.07960129994899,102.07960129994899,102.07960129994899,103.33147880004253,r,1,1.2390252000186592,None,,,,,P2,001,2025-08-24_21h27.51.950,Stroop task,2024.2.4,60.001644043595135,2025-08-24 21h28.04.544887 +0530,
BLUE,blue,C,b,67,3,16,b,1,0.4420198000734672,None,16,3,67,2,103.34597569995094,,,,,,103.33716600004118,103.34597569995094,103.84595690004062,103.84595690004062,103.84595690004062,104.30037409998477,b,1,0.4420198000734672,None,,,,,P2,001,2025-08-24_21h27.51.950,Stroop task,2024.2.4,60.001644043595135,2025-08-24 21h28.04.544887 +0530,
RED,red,C,r,68,0,17,r,1,0.6834792000008747,None,17,0,68,0,104.31248830002733,,,,,,104.30455639993306,104.31248830002733,104.81251279998105,104.81251279998105,104.81251279998105,105.49878020002507,r,1,0.6834792000008747,None,,,,,P2,001,2025-08-24_21h27.51.950,Stroop task,2024.2.4,60.001644043595135,2025-08-24 21h28.04.544887 +0530,
BLUE,red,I,r,69,1,17,r,1,0.7668007999891415,None,17,1,69,3,105.51230369997211,,,,,,105.50426760001574,105.51230369997211,106.01253920001909,106.01253920001909,106.01253920001909,106.78476059995592,r,1,0.7668007999891415,None,,,,,P2,001,2025-08-24_21h27.51.950,Stroop task,2024.2.4,60.001644043595135,2025-08-24 21h28.04.544887 +0530,
BLUE,blue,C,b,70,2,17,b,1,0.8973104000324383,None,17,2,70,2,106.79669580003247,,,,,,106.78568650002126,106.79669580003247,107.2961718000006,107.2961718000006,107.2961718000006,108.19834000000264,b,1,0.8973104000324383,None,,,,,P2,001,2025-08-24_21h27.51.950,Stroop task,2024.2.4,60.001644043595135,2025-08-24 21h28.04.544887 +0530,
RED,blue,I,b,71,3,17,b,1,0.8100242000073195,None,17,3,71,1,108.21230439993087,,,,,,108.2028157999739,108.21230439993087,108.71268709993456,108.71268709993456,108.71268709993456,109.53069369995501,b,1,0.8100242000073195,None,,,,,P2,001,2025-08-24_21h27.51.950,Stroop task,2024.2.4,60.001644043595135,2025-08-24 21h28.04.544887 +0530,
BLUE,blue,C,b,72,0,18,b,1,0.6931680999696255,None,18,0,72,2,109.54590419994202,,,,,,109.53469430003315,109.54590419994202,110.04610379994847,110.04610379994847,110.04610379994847,110.74847330001649,b,1,0.6931680999696255,None,,,,,P2,001,2025-08-24_21h27.51.950,Stroop task,2024.2.4,60.001644043595135,2025-08-24 21h28.04.544887 +0530,
RED,blue,I,b,73,1,18,b,1,0.6636109999381006,None,18,1,73,1,110.76235999993514,,,,,,110.75300419994164,110.76235999993514,111.26225439994596,111.26225439994596,111.26225439994596,111.95353900000919,b,1,0.6636109999381006,None,,,,,P2,001,2025-08-24_21h27.51.950,Stroop task,2024.2.4,60.001644043595135,2025-08-24 21h28.04.544887 +0530,
BLUE,red,I,r,74,2,18,r,1,0.5926847999216989,None,18,2,74,3,112.00074449996464,,,,,,111.9832956000464,112.00074449996464,112.46232569997665,112.46232569997665,112.46232569997665,113.06506359996274,r,1,0.5926847999216989,None,,,,,P2,001,2025-08-24_21h27.51.950,Stroop task,2024.2.4,60.001644043595135,2025-08-24 21h28.04.544887 +0530,
RED,red,C,r,75,3,18,b,0,0.3226711000315845,None,18,3,75,0,113.07923489995301,,,,,,113.06978260003962,113.07923489995301,113.57918819994666,113.57918819994666,113.57918819994666,113.91650679998565,b,0,0.3226711000315845,None,,,,,P2,001,2025-08-24_21h27.51.950,Stroop task,2024.2.4,60.001644043595135,2025-08-24 21h28.04.544887 +0530,
RED,red,C,r,76,0,19,b,0,0.892004800029099,None,19,0,76,0,113.92913880001288,,,,,,113.91796710004564,113.92913880001288,114.4295069000218,114.4295069000218,114.4295069000218,115.33252079994418,b,0,0.892004800029099,None,,,,,P2,001,2025-08-24_21h27.51.950,Stroop task,2024.2.4,60.001644043595135,2025-08-24 21h28.04.544887 +0530,
BLUE,blue,C,b,77,1,19,b,1,0.49845970002934337,None,19,1,77,2,115.34560310002416,,,,,,115.33664380002301,115.34560310002416,115.8459220000077,115.8459220000077,115.8459220000077,116.34755449998192,b,1,0.49845970002934337,None,,,,,P2,001,2025-08-24_21h27.51.950,Stroop task,2024.2.4,60.001644043595135,2025-08-24 21h28.04.544887 +0530,
RED,blue,I,b,78,2,19,r,0,0.7065864000469446,None,19,2,78,1,116.36236170004122,,,,,,116.35171299998183,116.36236170004122,116.86225619993638,116.86225619993638,116.86225619993638,117.58069209998939,r,0,0.7065864000469446,None,,,,,P2,001,2025-08-24_21h27.51.950,Stroop task,2024.2.4,60.001644043595135,2025-08-24 21h28.04.544887 +0530,
BLUE,red,I,r,79,3,19,b,0,0.4764827999752015,None,19,3,79,3,117.59537470003124,,,,,,117.585047999979,117.59537470003124,118.07915819995105,118.07915819995105,118.07915819995105,118.56563460000325,b,0,0.4764827999752015,None,,,,,P2,001,2025-08-24_21h27.51.950,Stroop task,2024.2.4,60.001644043595135,2025-08-24 21h28.04.544887 +0530,
BLUE,blue,C,b,80,0,20,b,1,0.6361254999646917,None,20,0,80,2,118.57933059998322,,,,,,118.56672629993409,118.57933059998322,119.07950919994619,119.07950919994619,119.07950919994619,119.73139460000675,b,1,0.6361254999646917,None,,,,,P2,001,2025-08-24_21h27.51.950,Stroop task,2024.2.4,60.001644043595135,2025-08-24 21h28.04.544887 +0530,
RED,red,C,r,81,1,20,r,1,0.7848945000441745,None,20,1,81,0,119.74545759998728,,,,,,119.73581650003325,119.74545759998728,120.24552500003483,120.24552500003483,120.24552500003483,121.03354079998098,r,1,0.7848945000441745,None,,,,,P2,001,2025-08-24_21h27.51.950,Stroop task,2024.2.4,60.001644043595135,2025-08-24 21h28.04.544887 +0530,
BLUE,red,I,r,82,2,20,r,1,0.9198024000506848,None,20,2,82,3,121.04557389998809,,,,,,121.03837409999687,121.04557389998809,121.54579270002432,121.54579270002432,121.54579270002432,122.48230050003622,r,1,0.9198024000506848,None,,,,,P2,001,2025-08-24_21h27.51.950,Stroop task,2024.2.4,60.001644043595135,2025-08-24 21h28.04.544887 +0530,
RED,blue,I,b,83,3,20,b,1,0.8157910999143496,None,20,3,83,1,122.49549609993119,,,,,,122.48742409993429,122.49549609993119,122.99534100003075,122.99534100003075,122.99534100003075,123.81589009996969,b,1,0.8157910999143496,None,,,,,P2,001,2025-08-24_21h27.51.950,Stroop task,2024.2.4,60.001644043595135,2025-08-24 21h28.04.544887 +0530,
RED,blue,I,b,84,0,21,b,1,0.40419989998918027,None,21,0,84,1,123.82875790004618,,,,,,123.81677040003706,123.82875790004618,124.32928119995631,124.32928119995631,124.32928119995631,124.74712149996776,b,1,0.40419989998918027,None,,,,,P2,001,2025-08-24_21h27.51.950,Stroop task,2024.2.4,60.001644043595135,2025-08-24 21h28.04.544887 +0530,
RED,red,C,r,85,1,21,r,1,1.0022879999596626,None,21,1,85,0,124.76242199994158,,,,,,124.74793599999975,124.76242199994158,125.2625587999355,125.2625587999355,125.2625587999355,126.26947579998523,r,1,1.0022879999596626,None,,,,,P2,001,2025-08-24_21h27.51.950,Stroop task,2024.2.4,60.001644043595135,2025-08-24 21h28.04.544887 +0530,
BLUE,red,I,r,86,2,21,b,0,0.3343883999623358,None,21,2,86,3,126.27898029994685,,,,,,126.27363910002168,126.27898029994685,126.77922040002886,126.77922040002886,126.77922040002886,127.11582489998545,b,0,0.3343883999623358,None,,,,,P2,001,2025-08-24_21h27.51.950,Stroop task,2024.2.4,60.001644043595135,2025-08-24 21h28.04.544887 +0530,
BLUE,blue,C,b,87,3,21,b,1,0.7258979000616819,None,21,3,87,2,127.1291064999532,,,,,,127.11668959993403,127.1291064999532,127.62907809996977,127.62907809996977,127.62907809996977,128.3640493999701,b,1,0.7258979000616819,None,,,,,P2,001,2025-08-24_21h27.51.950,Stroop task,2024.2.4,60.001644043595135,2025-08-24 21h28.04.544887 +0530,
RED,red,C,r,88,0,22,r,1,0.6045096999732777,None,22,0,88,0,128.3788208999904,,,,,,128.36966680001933,128.3788208999904,128.8788816999877,128.8788816999877,128.8788816999877,129.49823929998092,r,1,0.6045096999732777,None,,,,,P2,001,2025-08-24_21h27.51.950,Stroop task,2024.2.4,60.001644043595135,2025-08-24 21h28.04.544887 +0530,
BLUE,blue,C,b,89,1,22,b,1,0.5206755000399426,None,22,1,89,2,129.5121675999835,,,,,,129.50281109998468,129.5121675999835,130.01255869993474,130.01255869993474,130.01255869993474,130.5493007999612,b,1,0.5206755000399426,None,,,,,P2,001,2025-08-24_21h27.51.950,Stroop task,2024.2.4,60.001644043595135,2025-08-24 21h28.04.544887 +0530,
BLUE,red,I,r,90,2,22,b,0,0.7254505000310019,None,22,2,90,3,130.56250999995973,,,,,,130.55046579998452,130.56250999995973,131.06226539995987,131.06226539995987,131.06226539995987,131.79773300001398,b,0,0.7254505000310019,None,,,,,P2,001,2025-08-24_21h27.51.950,Stroop task,2024.2.4,60.001644043595135,2025-08-24 21h28.04.544887 +0530,
RED,blue,I,b,91,3,22,r,0,1.7644563000649214,None,22,3,91,1,131.8122105000075,,,,,,131.80221650004387,131.8122105000075,132.3123476000037,132.3123476000037,132.3123476000037,134.08087880001403,r,0,1.7644563000649214,None,,,,,P2,001,2025-08-24_21h27.51.950,Stroop task,2024.2.4,60.001644043595135,2025-08-24 21h28.04.544887 +0530,
BLUE,red,I,r,92,0,23,b,0,1.0985147999599576,None,23,0,92,3,134.09518860001117,,,,,,134.0849008000223,134.09518860001117,134.59514059999492,134.59514059999492,134.59514059999492,135.6994865000015,b,0,1.0985147999599576,None,,,,,P2,001,2025-08-24_21h27.51.950,Stroop task,2024.2.4,60.001644043595135,2025-08-24 21h28.04.544887 +0530,
RED,blue,I,b,93,1,23,b,1,1.3222046999726444,None,23,1,93,1,135.71198599995114,,,,,,135.7037210999988,135.71198599995114,136.21213729993906,136.21213729993906,136.21213729993906,137.54843480000272,b,1,1.3222046999726444,None,,,,,P2,001,2025-08-24_21h27.51.950,Stroop task,2024.2.4,60.001644043595135,2025-08-24 21h28.04.544887 +0530,
RED,red,C,r,94,2,23,r,1,0.852748499950394,None,23,2,94,0,137.5619823000161,,,,,,137.54958470002748,137.5619823000161,138.06231820001267,138.06231820001267,138.06231820001267,138.93202179996297,r,1,0.852748499950394,None,,,,,P2,001,2025-08-24_21h27.51.950,Stroop task,2024.2.4,60.001644043595135,2025-08-24 21h28.04.544887 +0530,
BLUE,blue,C,b,95,3,23,b,1,0.5677952999249101,None,23,3,95,2,138.94524889998138,,,,,,138.9361343999626,138.94524889998138,139.44543299998622,139.44543299998622,139.44543299998622,140.0301072000293,b,1,0.5677952999249101,None,,,,,P2,001,2025-08-24_21h27.51.950,Stroop task,2024.2.4,60.001644043595135,2025-08-24 21h28.04.544887 +0530,
BLUE,red,I,r,96,0,24,r,1,1.3543800000334159,None,24,0,96,3,140.04516410001088,,,,,,140.03093390003778,140.04516410001088,140.54545360000338,140.54545360000338,140.54545360000338,141.9160713000456,r,1,1.3543800000334159,None,,,,,P2,001,2025-08-24_21h27.51.950,Stroop task,2024.2.4,60.001644043595135,2025-08-24 21h28.04.544887 +0530,
RED,blue,I,b,97,1,24,b,1,0.676232700003311,None,24,1,97,1,141.92867319996003,,,,,,141.92051950003952,141.92867319996003,142.4285984999733,142.4285984999733,142.4285984999733,143.114825299941,b,1,0.676232700003311,None,,,,,P2,001,2025-08-24_21h27.51.950,Stroop task,2024.2.4,60.001644043595135,2025-08-24 21h28.04.544887 +0530,
RED,red,C,r,98,2,24,r,1,1.1304242999758571,None,24,2,98,0,143.12876769993454,,,,,,143.11599119997118,143.12876769993454,143.62858549994417,143.62858549994417,143.62858549994417,144.76442130003124,r,1,1.1304242999758571,None,,,,,P2,001,2025-08-24_21h27.51.950,Stroop task,2024.2.4,60.001644043595135,2025-08-24 21h28.04.544887 +0530,
BLUE,blue,C,b,99,3,24,b,1,0.5870384000008926,None,24,3,99,2,144.77892800001428,,,,,,144.76822349999566,144.77892800001428,145.27895439998247,145.27895439998247,145.27895439998247,145.88057769997977,b,1,0.5870384000008926,None,,,,,P2,001,2025-08-24_21h27.51.950,Stroop task,2024.2.4,60.001644043595135,2025-08-24 21h28.04.544887 +0530,
,,,,,,,,,,,,,,,,,,,,,,,,,,,,,,,145.88081430003513,145.89504830003716,146.89507279999088,146.88044199999422,P2,001,2025-08-24_21h27.51.950,Stroop task,2024.2.4,60.001644043595135,2025-08-24 21h28.04.544887 +0530,
