thisN,thisTrialN,thisRepN,mouse_resp.x,mouse_resp.y,mouse_resp.leftButton,mouse_resp.midButton,mouse_resp.rightButton,mouse_resp.time,mouse_resp.clicked_name,trials.thisRepN,trials.thisTrialN,trials.thisN,trials.thisIndex,thisRow.t,notes,Welcome_Screen.started,text.started,text.stopped,Welcome_Screen.stopped,num_distr,trial.started,Fixation.started,target.started,mouse_resp.started,trial.stopped,trials.mouse_resp.x,trials.mouse_resp.y,trials.mouse_resp.leftButton,trials.mouse_resp.midButton,trials.mouse_resp.rightButton,trials.mouse_resp.time,trials.mouse_resp.clicked_name,Goodbye_Screen.started,GoodbyeScreen.started,GoodbyeScreen.stopped,Goodbye_Screen.stopped,participant,session,date,expName,expVersion,psychopyVersion,frameRate,expStart,
,,,,,,,,,,,,,,,,0.003081100000144943,0.00800920000028782,5.062854300000254,4.998184600000059,,,,,,,,,,,,,,,,,,P2,001,2025-09-26_22h23.51.737,VST,,2025.1.1,59.99332874189894,2025-09-26 22h24.01.001158 +0530,
0,0,0,[np.float64(-0.2601851851851852)],[np.float64(-0.44907407407407407)],[1],[0],[0],[2.376153499999873],['target'],0,0,0,0,5.062854300000254,,,,,,5,5.045665900000131,5.062854300000254,5.062854300000254,0.0457219999998415,7.421920700000101,[np.float64(-0.2601851851851852)],[np.float64(-0.44907407407407407)],[1],[0],[0],[2.376153499999873],['target'],,,,,P2,001,2025-09-26_22h23.51.737,VST,,2025.1.1,59.99332874189894,2025-09-26 22h24.01.001158 +0530,
1,0,1,[np.float64(-0.29814814814814816)],[np.float64(-0.48703703703703705)],[1],[0],[0],[1.2054367000000639],['target'],1,0,1,0,7.457134900000256,,,,,,5,7.44679830000041,7.457134900000256,7.457134900000256,0.024675999999999476,8.652321800000209,[np.float64(-0.29814814814814816)],[np.float64(-0.48703703703703705)],[1],[0],[0],[1.2054367000000639],['target'],,,,,P2,001,2025-09-26_22h23.51.737,VST,,2025.1.1,59.99332874189894,2025-09-26 22h24.01.001158 +0530,
2,0,2,[np.float64(0.2574074074074074)],[np.float64(0.02962962962962963)],[1],[0],[0],[1.291617099999712],['target'],2,0,2,0,8.688516000000163,,,,,,5,8.675970900000266,8.688516000000163,8.688516000000163,0.02346460000035222,9.967726400000174,[np.float64(0.2574074074074074)],[np.float64(0.02962962962962963)],[1],[0],[0],[1.291617099999712],['target'],,,,,P2,001,2025-09-26_22h23.51.737,VST,,2025.1.1,59.99332874189894,2025-09-26 22h24.01.001158 +0530,
3,0,3,[np.float64(0.07592592592592592)],[np.float64(-0.07222222222222222)],[1],[0],[0],[1.2031309999997575],['target'],3,0,3,0,10.014007200000378,,,,,,5,9.99994390000029,10.014007200000378,10.014007200000378,0.031955699999798526,11.203167100000428,[np.float64(0.07592592592592592)],[np.float64(-0.07222222222222222)],[1],[0],[0],[1.2031309999997575],['target'],,,,,P2,001,2025-09-26_22h23.51.737,VST,,2025.1.1,59.99332874189894,2025-09-26 22h24.01.001158 +0530,
4,0,4,[np.float64(0.022222222222222223)],[np.float64(0.4564814814814815)],[1],[0],[0],[1.4072371000002022],['target'],4,0,4,0,11.239397800000006,,,,,,5,11.22746750000033,11.239397800000006,11.239397800000006,0.024119100000007165,12.634807300000375,[np.float64(0.022222222222222223)],[np.float64(0.4564814814814815)],[1],[0],[0],[1.4072371000002022],['target'],,,,,P2,001,2025-09-26_22h23.51.737,VST,,2025.1.1,59.99332874189894,2025-09-26 22h24.01.001158 +0530,
5,0,5,[np.float64(-0.31666666666666665)],[np.float64(0.2657407407407407)],[1],[0],[0],[1.0137377999999444],['target'],5,0,5,0,12.670448700000179,,,,,,5,12.657988600000408,12.670448700000179,12.670448700000179,0.02300059999970472,13.671822200000406,[np.float64(-0.31666666666666665)],[np.float64(0.2657407407407407)],[1],[0],[0],[1.0137377999999444],['target'],,,,,P2,001,2025-09-26_22h23.51.737,VST,,2025.1.1,59.99332874189894,2025-09-26 22h24.01.001158 +0530,
6,0,6,[np.float64(-0.4935185185185185)],[np.float64(-0.18796296296296297)],[1],[0],[0],[1.260305199999948],['target'],6,0,6,0,13.740526200000204,,,,,,10,13.72153070000013,13.740526200000204,13.740526200000204,0.049533400000200345,14.981976300000042,[np.float64(-0.4935185185185185)],[np.float64(-0.18796296296296297)],[1],[0],[0],[1.260305199999948],['target'],,,,,P2,001,2025-09-26_22h23.51.737,VST,,2025.1.1,59.99332874189894,2025-09-26 22h24.01.001158 +0530,
7,0,7,[np.float64(-0.4861111111111111)],[np.float64(0.43333333333333335)],[1],[0],[0],[1.4949808999999732],['target'],7,0,7,0,15.159002800000053,,,,,,10,15.140248300000167,15.159002800000053,15.159002800000053,0.15795629999956873,16.635322300000098,[np.float64(-0.4861111111111111)],[np.float64(0.43333333333333335)],[1],[0],[0],[1.4949808999999732],['target'],,,,,P2,001,2025-09-26_22h23.51.737,VST,,2025.1.1,59.99332874189894,2025-09-26 22h24.01.001158 +0530,
8,0,8,[np.float64(-0.15462962962962962)],[np.float64(0.3037037037037037)],[1],[0],[0],[1.1680272999997214],['target'],8,0,8,0,16.70117250000021,,,,,,10,16.683178400000088,16.70117250000021,16.70117250000021,0.04764239999985875,17.851299500000096,[np.float64(-0.15462962962962962)],[np.float64(0.3037037037037037)],[1],[0],[0],[1.1680272999997214],['target'],,,,,P2,001,2025-09-26_22h23.51.737,VST,,2025.1.1,59.99332874189894,2025-09-26 22h24.01.001158 +0530,
9,0,9,[np.float64(-0.287962962962963)],[np.float64(-0.030555555555555555)],[1],[0],[0],[1.174848699999984],['target'],9,0,9,0,17.888591200000064,,,,,,5,17.87675050000007,17.888591200000064,17.888591200000064,0.024595799999588053,19.051693400000204,[np.float64(-0.287962962962963)],[np.float64(-0.030555555555555555)],[1],[0],[0],[1.174848699999984],['target'],,,,,P2,001,2025-09-26_22h23.51.737,VST,,2025.1.1,59.99332874189894,2025-09-26 22h24.01.001158 +0530,
10,0,10,[np.float64(-0.07777777777777778)],[np.float64(0.36666666666666664)],[1],[0],[0],[1.1444299999998293],['target'],10,0,10,0,19.085973000000195,,,,,,5,19.074238100000002,19.085973000000195,19.085973000000195,0.02236349999975573,20.218809400000282,[np.float64(-0.07777777777777778)],[np.float64(0.36666666666666664)],[1],[0],[0],[1.1444299999998293],['target'],,,,,P2,001,2025-09-26_22h23.51.737,VST,,2025.1.1,59.99332874189894,2025-09-26 22h24.01.001158 +0530,
11,0,11,[np.float64(-0.4444444444444444)],[np.float64(0.3435185185185185)],[1],[0],[0],[1.502625199999784],['target'],11,0,11,0,20.283718300000146,,,,,,10,20.26601120000032,20.283718300000146,20.283718300000146,0.04700269999966622,21.768745800000033,[np.float64(-0.4444444444444444)],[np.float64(0.3435185185185185)],[1],[0],[0],[1.502625199999784],['target'],,,,,P2,001,2025-09-26_22h23.51.737,VST,,2025.1.1,59.99332874189894,2025-09-26 22h24.01.001158 +0530,
12,0,12,[np.float64(0.15185185185185185)],[np.float64(-0.03333333333333333)],[1],[0],[0],[1.3345715999998902],['target'],12,0,12,0,21.829411800000344,,,,,,10,21.813857100000405,21.829411800000344,21.829411800000344,0.04490139999961684,23.14855370000032,[np.float64(0.15185185185185185)],[np.float64(-0.03333333333333333)],[1],[0],[0],[1.3345715999998902],['target'],,,,,P2,001,2025-09-26_22h23.51.737,VST,,2025.1.1,59.99332874189894,2025-09-26 22h24.01.001158 +0530,
13,0,13,[np.float64(0.3675925925925926)],[np.float64(-0.09722222222222222)],[1],[0],[0],[1.29199779999999],['target'],13,0,13,0,23.183562200000324,,,,,,5,23.17280520000031,23.183562200000324,23.183562200000324,0.02397979999977906,24.464903700000377,[np.float64(0.3675925925925926)],[np.float64(-0.09722222222222222)],[1],[0],[0],[1.29199779999999],['target'],,,,,P2,001,2025-09-26_22h23.51.737,VST,,2025.1.1,59.99332874189894,2025-09-26 22h24.01.001158 +0530,
14,0,14,[np.float64(0.425)],[np.float64(-0.42685185185185187)],[1],[0],[0],[1.4997309000000314],['target'],14,0,14,0,24.498377600000367,,,,,,5,24.487412600000425,24.498377600000367,24.498377600000367,0.022323400000004767,25.98728020000044,[np.float64(0.425)],[np.float64(-0.42685185185185187)],[1],[0],[0],[1.4997309000000314],['target'],,,,,P2,001,2025-09-26_22h23.51.737,VST,,2025.1.1,59.99332874189894,2025-09-26 22h24.01.001158 +0530,
15,0,15,[np.float64(0.19444444444444445)],[np.float64(-0.425)],[1],[0],[0],[1.585274600000048],['target'],15,0,15,0,26.054848400000083,,,,,,10,26.034497100000408,26.054848400000083,26.054848400000083,0.046884400000180904,27.619882300000427,[np.float64(0.19444444444444445)],[np.float64(-0.425)],[1],[0],[0],[1.585274600000048],['target'],,,,,P2,001,2025-09-26_22h23.51.737,VST,,2025.1.1,59.99332874189894,2025-09-26 22h24.01.001158 +0530,
16,0,16,"[np.float64(0.21851851851851853), np.float64(0.21574074074074073)]","[np.float64(0.21481481481481482), np.float64(0.21481481481481482)]","[1, 1]","[0, 0]","[0, 0]","[1.3548124000003554, 2.1854388000001563]","[None, 'target']",16,0,16,0,27.655776400000377,,,,,,5,27.64565500000026,27.655776400000377,27.655776400000377,0.025550400000156515,29.831190200000037,"[np.float64(0.21851851851851853), np.float64(0.21574074074074073)]","[np.float64(0.21481481481481482), np.float64(0.21481481481481482)]","[1, 1]","[0, 0]","[0, 0]","[1.3548124000003554, 2.1854388000001563]","[None, 'target']",,,,,P2,001,2025-09-26_22h23.51.737,VST,,2025.1.1,59.99332874189894,2025-09-26 22h24.01.001158 +0530,
17,0,17,[np.float64(0.15833333333333333)],[np.float64(0.43796296296296294)],[1],[0],[0],[1.557223199999953],['target'],17,0,17,0,29.895262900000034,,,,,,10,29.876388900000165,29.895262900000034,29.895262900000034,0.04496489999974074,31.433715900000152,[np.float64(0.15833333333333333)],[np.float64(0.43796296296296294)],[1],[0],[0],[1.557223199999953],['target'],,,,,P2,001,2025-09-26_22h23.51.737,VST,,2025.1.1,59.99332874189894,2025-09-26 22h24.01.001158 +0530,
18,0,18,[np.float64(0.06388888888888888)],[np.float64(0.025925925925925925)],[1],[0],[0],[1.3094796000000315],['target'],18,0,18,0,31.47054240000034,,,,,,5,31.458905400000276,31.47054240000034,31.47054240000034,0.02497140000014042,32.76854740000044,[np.float64(0.06388888888888888)],[np.float64(0.025925925925925925)],[1],[0],[0],[1.3094796000000315],['target'],,,,,P2,001,2025-09-26_22h23.51.737,VST,,2025.1.1,59.99332874189894,2025-09-26 22h24.01.001158 +0530,
19,0,19,[np.float64(-0.3472222222222222)],[np.float64(-0.45925925925925926)],[1],[0],[0],[2.3191836000000876],['target'],19,0,19,0,32.831419800000276,,,,,,10,32.81571840000015,32.831419800000276,32.831419800000276,0.04683129999966695,35.135031600000275,[np.float64(-0.3472222222222222)],[np.float64(-0.45925925925925926)],[1],[0],[0],[2.3191836000000876],['target'],,,,,P2,001,2025-09-26_22h23.51.737,VST,,2025.1.1,59.99332874189894,2025-09-26 22h24.01.001158 +0530,
20,0,20,[np.float64(-0.1527777777777778)],[np.float64(-0.20925925925925926)],[1],[0],[0],[1.5183859999997367],['target'],20,0,20,0,35.20100010000033,,,,,,10,35.183612200000425,35.20100010000033,35.20100010000033,0.048226400000203284,36.702092300000004,[np.float64(-0.1527777777777778)],[np.float64(-0.20925925925925926)],[1],[0],[0],[1.5183859999997367],['target'],,,,,P2,001,2025-09-26_22h23.51.737,VST,,2025.1.1,59.99332874189894,2025-09-26 22h24.01.001158 +0530,
21,0,21,[np.float64(-0.40925925925925927)],[np.float64(0.4)],[1],[0],[0],[1.5528039999999237],['target'],21,0,21,0,36.766180200000235,,,,,,10,36.7487514000004,36.766180200000235,36.766180200000235,0.04640269999981683,38.30176220000021,[np.float64(-0.40925925925925927)],[np.float64(0.4)],[1],[0],[0],[1.5528039999999237],['target'],,,,,P2,001,2025-09-26_22h23.51.737,VST,,2025.1.1,59.99332874189894,2025-09-26 22h24.01.001158 +0530,
22,0,22,[np.float64(-0.15833333333333333)],[np.float64(-0.3731481481481482)],[1],[0],[0],[1.412593200000174],['target'],22,0,22,0,38.36870970000018,,,,,,10,38.352029100000436,38.36870970000018,38.36870970000018,0.04993849999982558,39.76472790000025,[np.float64(-0.15833333333333333)],[np.float64(-0.3731481481481482)],[1],[0],[0],[1.412593200000174],['target'],,,,,P2,001,2025-09-26_22h23.51.737,VST,,2025.1.1,59.99332874189894,2025-09-26 22h24.01.001158 +0530,
23,0,23,[np.float64(-0.2916666666666667)],[np.float64(-0.44907407407407407)],[1],[0],[0],[1.8145990000002712],['target'],23,0,23,0,39.79623430000038,,,,,,5,39.786489000000074,39.79623430000038,39.79623430000038,0.021558000000368338,41.601237200000014,[np.float64(-0.2916666666666667)],[np.float64(-0.44907407407407407)],[1],[0],[0],[1.8145990000002712],['target'],,,,,P2,001,2025-09-26_22h23.51.737,VST,,2025.1.1,59.99332874189894,2025-09-26 22h24.01.001158 +0530,
24,0,24,[np.float64(-0.004629629629629629)],[np.float64(-0.14537037037037037)],[1],[0],[0],[1.201243599999998],['target'],24,0,24,0,41.6638339000001,,,,,,10,41.648681600000145,41.6638339000001,41.6638339000001,0.047183399999994435,42.850031800000124,[np.float64(-0.004629629629629629)],[np.float64(-0.14537037037037037)],[1],[0],[0],[1.201243599999998],['target'],,,,,P2,001,2025-09-26_22h23.51.737,VST,,2025.1.1,59.99332874189894,2025-09-26 22h24.01.001158 +0530,
25,0,25,[np.float64(-0.29907407407407405)],[np.float64(-0.40925925925925927)],[1],[0],[0],[1.0879885999997896],['target'],25,0,25,0,42.911756400000286,,,,,,10,42.89529640000001,42.911756400000286,42.911756400000286,0.04502779999984341,43.98340640000015,[np.float64(-0.29907407407407405)],[np.float64(-0.40925925925925927)],[1],[0],[0],[1.0879885999997896],['target'],,,,,P2,001,2025-09-26_22h23.51.737,VST,,2025.1.1,59.99332874189894,2025-09-26 22h24.01.001158 +0530,
26,0,26,[np.float64(0.07222222222222222)],[np.float64(0.3037037037037037)],[1],[0],[0],[1.1326340999999047],['target'],26,0,26,0,44.05039450000004,,,,,,10,44.03214230000003,44.05039450000004,44.05039450000004,0.04842719999987821,45.164936000000125,[np.float64(0.07222222222222222)],[np.float64(0.3037037037037037)],[1],[0],[0],[1.1326340999999047],['target'],,,,,P2,001,2025-09-26_22h23.51.737,VST,,2025.1.1,59.99332874189894,2025-09-26 22h24.01.001158 +0530,
27,0,27,[np.float64(-0.4824074074074074)],[np.float64(-0.43796296296296294)],[1],[0],[0],[1.3389384999995855],['target'],27,0,27,0,45.2301494000003,,,,,,10,45.21354800000017,45.2301494000003,45.2301494000003,0.048311800000192306,46.551449400000365,[np.float64(-0.4824074074074074)],[np.float64(-0.43796296296296294)],[1],[0],[0],[1.3389384999995855],['target'],,,,,P2,001,2025-09-26_22h23.51.737,VST,,2025.1.1,59.99332874189894,2025-09-26 22h24.01.001158 +0530,
28,0,28,[np.float64(-0.11203703703703703)],[np.float64(-0.025)],[1],[0],[0],[1.2061579000001075],['target'],28,0,28,0,46.58761910000021,,,,,,5,46.575128100000256,46.58761910000021,46.58761910000021,0.023421700000199053,47.781425500000296,[np.float64(-0.11203703703703703)],[np.float64(-0.025)],[1],[0],[0],[1.2061579000001075],['target'],,,,,P2,001,2025-09-26_22h23.51.737,VST,,2025.1.1,59.99332874189894,2025-09-26 22h24.01.001158 +0530,
29,0,29,[np.float64(-0.12222222222222222)],[np.float64(-0.046296296296296294)],[1],[0],[0],[1.0291665999998258],['target'],29,0,29,0,47.817944700000226,,,,,,5,47.80539530000033,47.817944700000226,47.817944700000226,0.02365800000006857,48.83469560000003,[np.float64(-0.12222222222222222)],[np.float64(-0.046296296296296294)],[1],[0],[0],[1.0291665999998258],['target'],,,,,P2,001,2025-09-26_22h23.51.737,VST,,2025.1.1,59.99332874189894,2025-09-26 22h24.01.001158 +0530,
30,0,30,[np.float64(0.2972222222222222)],[np.float64(0.30185185185185187)],[1],[0],[0],[1.4759089000003769],['target'],30,0,30,0,48.86982670000043,,,,,,5,48.85847440000043,48.86982670000043,48.86982670000043,0.02353529999982129,50.33449220000011,[np.float64(0.2972222222222222)],[np.float64(0.30185185185185187)],[1],[0],[0],[1.4759089000003769],['target'],,,,,P2,001,2025-09-26_22h23.51.737,VST,,2025.1.1,59.99332874189894,2025-09-26 22h24.01.001158 +0530,
31,0,31,[np.float64(-0.24537037037037038)],[np.float64(-0.18796296296296297)],[1],[0],[0],[1.3611596000000645],['target'],31,0,31,0,50.368876,,,,,,5,50.357372000000396,50.368876,50.368876,0.02264310000009573,51.71864250000044,[np.float64(-0.24537037037037038)],[np.float64(-0.18796296296296297)],[1],[0],[0],[1.3611596000000645],['target'],,,,,P2,001,2025-09-26_22h23.51.737,VST,,2025.1.1,59.99332874189894,2025-09-26 22h24.01.001158 +0530,
32,0,32,[np.float64(0.475)],[np.float64(-0.32314814814814813)],[1],[0],[0],[1.322340499999882],['target'],32,0,32,0,51.75346430000036,,,,,,5,51.74170170000025,51.75346430000036,51.75346430000036,0.022856699999920238,53.06413980000025,[np.float64(0.475)],[np.float64(-0.32314814814814813)],[1],[0],[0],[1.322340499999882],['target'],,,,,P2,001,2025-09-26_22h23.51.737,VST,,2025.1.1,59.99332874189894,2025-09-26 22h24.01.001158 +0530,
33,0,33,[np.float64(-0.08518518518518518)],[np.float64(0.1638888888888889)],[1],[0],[0],[1.3319347000001471],['target'],33,0,33,0,53.09674790000008,,,,,,5,53.085731300000134,53.09674790000008,53.09674790000008,0.02141040000014982,54.417822700000215,[np.float64(-0.08518518518518518)],[np.float64(0.1638888888888889)],[1],[0],[0],[1.3319347000001471],['target'],,,,,P2,001,2025-09-26_22h23.51.737,VST,,2025.1.1,59.99332874189894,2025-09-26 22h24.01.001158 +0530,
34,0,34,[np.float64(-0.40925925925925927)],[np.float64(-0.22037037037037038)],[1],[0],[0],[1.1023724000001494],['target'],34,0,34,0,54.48152140000002,,,,,,10,54.46478930000012,54.48152140000002,54.48152140000002,0.046706600000106846,55.567334200000005,[np.float64(-0.40925925925925927)],[np.float64(-0.22037037037037038)],[1],[0],[0],[1.1023724000001494],['target'],,,,,P2,001,2025-09-26_22h23.51.737,VST,,2025.1.1,59.99332874189894,2025-09-26 22h24.01.001158 +0530,
35,0,35,[np.float64(0.38981481481481484)],[np.float64(0.12685185185185185)],[1],[0],[0],[1.1174326000000292],['target'],35,0,35,0,55.6076393000003,,,,,,5,55.596795400000246,55.6076393000003,55.6076393000003,0.029100799999923765,56.714324300000044,[np.float64(0.38981481481481484)],[np.float64(0.12685185185185185)],[1],[0],[0],[1.1174326000000292],['target'],,,,,P2,001,2025-09-26_22h23.51.737,VST,,2025.1.1,59.99332874189894,2025-09-26 22h24.01.001158 +0530,
36,0,36,"[np.float64(0.37037037037037035), np.float64(0.38055555555555554)]","[np.float64(-0.41944444444444445), np.float64(-0.425)]","[1, 1]","[0, 0]","[0, 0]","[1.5135582999996586, 2.4102241999999023]","[None, 'target']",36,0,36,0,56.747777900000074,,,,,,5,56.737007500000345,56.747777900000074,56.747777900000074,0.022472900000138907,59.147382500000276,"[np.float64(0.37037037037037035), np.float64(0.38055555555555554)]","[np.float64(-0.41944444444444445), np.float64(-0.425)]","[1, 1]","[0, 0]","[0, 0]","[1.5135582999996586, 2.4102241999999023]","[None, 'target']",,,,,P2,001,2025-09-26_22h23.51.737,VST,,2025.1.1,59.99332874189894,2025-09-26 22h24.01.001158 +0530,
37,0,37,[np.float64(0.19074074074074074)],[np.float64(0.15833333333333333)],[1],[0],[0],[1.111711600000035],['target'],37,0,37,0,59.18445830000019,,,,,,5,59.17228880000039,59.18445830000019,59.18445830000019,0.024564299999838113,60.2840999,[np.float64(0.19074074074074074)],[np.float64(0.15833333333333333)],[1],[0],[0],[1.111711600000035],['target'],,,,,P2,001,2025-09-26_22h23.51.737,VST,,2025.1.1,59.99332874189894,2025-09-26 22h24.01.001158 +0530,
38,0,38,"[np.float64(0.45555555555555555), np.float64(0.47129629629629627)]","[np.float64(-0.20833333333333334), np.float64(-0.2111111111111111)]","[1, 1]","[0, 0]","[0, 0]","[1.5601798000002418, 2.3929920999999013]","[None, 'target']",38,0,38,0,60.31860870000037,,,,,,5,60.306825100000424,60.31860870000037,60.31860870000037,0.02256149999993795,62.699914700000136,"[np.float64(0.45555555555555555), np.float64(0.47129629629629627)]","[np.float64(-0.20833333333333334), np.float64(-0.2111111111111111)]","[1, 1]","[0, 0]","[0, 0]","[1.5601798000002418, 2.3929920999999013]","[None, 'target']",,,,,P2,001,2025-09-26_22h23.51.737,VST,,2025.1.1,59.99332874189894,2025-09-26 22h24.01.001158 +0530,
39,0,39,[np.float64(0.09166666666666666)],[np.float64(-0.4)],[1],[0],[0],[1.5478379000001041],['target'],39,0,39,0,62.76709630000005,,,,,,10,62.749464400000306,62.76709630000005,62.76709630000005,0.04936500000030719,64.29738610000004,[np.float64(0.09166666666666666)],[np.float64(-0.4)],[1],[0],[0],[1.5478379000001041],['target'],,,,,P2,001,2025-09-26_22h23.51.737,VST,,2025.1.1,59.99332874189894,2025-09-26 22h24.01.001158 +0530,
40,0,40,[np.float64(-0.07685185185185185)],[np.float64(-0.17222222222222222)],[1],[0],[0],[0.9906211000002259],['target'],40,0,40,0,64.3615332000004,,,,,,10,64.34232960000008,64.3615332000004,64.3615332000004,0.044717100000070786,65.3330517000004,[np.float64(-0.07685185185185185)],[np.float64(-0.17222222222222222)],[1],[0],[0],[0.9906211000002259],['target'],,,,,P2,001,2025-09-26_22h23.51.737,VST,,2025.1.1,59.99332874189894,2025-09-26 22h24.01.001158 +0530,
41,0,41,[np.float64(-0.09722222222222222)],[np.float64(0.18796296296296297)],[1],[0],[0],[1.2295961999998326],['target'],41,0,41,0,65.36596250000002,,,,,,5,65.3554368,65.36596250000002,65.36596250000002,0.02207810000027166,66.58521860000019,[np.float64(-0.09722222222222222)],[np.float64(0.18796296296296297)],[1],[0],[0],[1.2295961999998326],['target'],,,,,P2,001,2025-09-26_22h23.51.737,VST,,2025.1.1,59.99332874189894,2025-09-26 22h24.01.001158 +0530,
42,0,42,[np.float64(0.25092592592592594)],[np.float64(0.3768518518518518)],[1],[0],[0],[1.2660170999997717],['target'],42,0,42,0,66.64982380000038,,,,,,10,66.63117680000005,66.64982380000038,66.64982380000038,0.04570710000007239,67.89729110000007,[np.float64(0.25092592592592594)],[np.float64(0.3768518518518518)],[1],[0],[0],[1.2660170999997717],['target'],,,,,P2,001,2025-09-26_22h23.51.737,VST,,2025.1.1,59.99332874189894,2025-09-26 22h24.01.001158 +0530,
43,0,43,[np.float64(0.3990740740740741)],[np.float64(0.1787037037037037)],[1],[0],[0],[1.4840432999999393],['target'],43,0,43,0,67.96414060000006,,,,,,10,67.94678210000029,67.96414060000006,67.96414060000006,0.04928280000012819,69.4309258000003,[np.float64(0.3990740740740741)],[np.float64(0.1787037037037037)],[1],[0],[0],[1.4840432999999393],['target'],,,,,P2,001,2025-09-26_22h23.51.737,VST,,2025.1.1,59.99332874189894,2025-09-26 22h24.01.001158 +0530,
44,0,44,[np.float64(-0.44074074074074077)],[np.float64(0.09259259259259259)],[1],[0],[0],[1.1305772000000616],['target'],44,0,44,0,69.46398500000032,,,,,,5,69.45372600000019,69.46398500000032,69.46398500000032,0.022584099999676255,70.58440770000016,[np.float64(-0.44074074074074077)],[np.float64(0.09259259259259259)],[1],[0],[0],[1.1305772000000616],['target'],,,,,P2,001,2025-09-26_22h23.51.737,VST,,2025.1.1,59.99332874189894,2025-09-26 22h24.01.001158 +0530,
45,0,45,[np.float64(-0.10092592592592593)],[np.float64(0.10185185185185185)],[1],[0],[0],[1.192508799999814],['target'],45,0,45,0,70.61986920000027,,,,,,5,70.6079552000001,70.61986920000027,70.61986920000027,0.02336509999986447,71.80057890000035,[np.float64(-0.10092592592592593)],[np.float64(0.10185185185185185)],[1],[0],[0],[1.192508799999814],['target'],,,,,P2,001,2025-09-26_22h23.51.737,VST,,2025.1.1,59.99332874189894,2025-09-26 22h24.01.001158 +0530,
46,0,46,[np.float64(-0.17777777777777778)],[np.float64(0.0962962962962963)],[1],[0],[0],[1.397669599999972],['target'],46,0,46,0,71.86986030000025,,,,,,10,71.85201940000024,71.86986030000025,71.86986030000025,0.05128310000009151,73.24978550000014,[np.float64(-0.17777777777777778)],[np.float64(0.0962962962962963)],[1],[0],[0],[1.397669599999972],['target'],,,,,P2,001,2025-09-26_22h23.51.737,VST,,2025.1.1,59.99332874189894,2025-09-26 22h24.01.001158 +0530,
47,0,47,[np.float64(-0.30925925925925923)],[np.float64(0.3277777777777778)],[1],[0],[0],[1.2291300000001684],['target'],47,0,47,0,73.28440030000002,,,,,,5,73.27231510000001,73.28440030000002,73.28440030000002,0.022313699999813252,74.50158550000015,[np.float64(-0.30925925925925923)],[np.float64(0.3277777777777778)],[1],[0],[0],[1.2291300000001684],['target'],,,,,P2,001,2025-09-26_22h23.51.737,VST,,2025.1.1,59.99332874189894,2025-09-26 22h24.01.001158 +0530,
48,0,48,[np.float64(-0.3416666666666667)],[np.float64(-0.023148148148148147)],[1],[0],[0],[1.144198200000119],['target'],48,0,48,0,74.57277630000044,,,,,,10,74.55511330000036,74.57277630000044,74.57277630000044,0.053248100000018894,75.69945800000005,[np.float64(-0.3416666666666667)],[np.float64(-0.023148148148148147)],[1],[0],[0],[1.144198200000119],['target'],,,,,P2,001,2025-09-26_22h23.51.737,VST,,2025.1.1,59.99332874189894,2025-09-26 22h24.01.001158 +0530,
49,0,49,[np.float64(0.4287037037037037)],[np.float64(0.2175925925925926)],[1],[0],[0],[1.4520177000003969],['target'],49,0,49,0,75.74550520000003,,,,,,5,75.73170430000027,75.74550520000003,75.74550520000003,0.03191370000013194,77.18381350000027,[np.float64(0.4287037037037037)],[np.float64(0.2175925925925926)],[1],[0],[0],[1.4520177000003969],['target'],,,,,P2,001,2025-09-26_22h23.51.737,VST,,2025.1.1,59.99332874189894,2025-09-26 22h24.01.001158 +0530,
50,0,50,[np.float64(-0.14351851851851852)],[np.float64(0.08796296296296297)],[1],[0],[0],[1.1412850000001526],['target'],50,0,50,0,77.22080080000023,,,,,,5,77.20851090000042,77.22080080000023,77.22080080000023,0.024522499999875436,78.34991280000031,[np.float64(-0.14351851851851852)],[np.float64(0.08796296296296297)],[1],[0],[0],[1.1412850000001526],['target'],,,,,P2,001,2025-09-26_22h23.51.737,VST,,2025.1.1,59.99332874189894,2025-09-26 22h24.01.001158 +0530,
51,0,51,[np.float64(-0.4722222222222222)],[np.float64(-0.30277777777777776)],[1],[0],[0],[2.2097711000001254],['target'],51,0,51,0,78.38573580000002,,,,,,5,78.37403060000042,78.38573580000002,78.38573580000002,0.023907300000246323,80.58394010000029,[np.float64(-0.4722222222222222)],[np.float64(-0.30277777777777776)],[1],[0],[0],[2.2097711000001254],['target'],,,,,P2,001,2025-09-26_22h23.51.737,VST,,2025.1.1,59.99332874189894,2025-09-26 22h24.01.001158 +0530,
52,0,52,[np.float64(0.07685185185185185)],[np.float64(-0.4212962962962963)],[1],[0],[0],[1.478004300000066],['target'],52,0,52,0,80.65383740000016,,,,,,10,80.63589100000036,80.65383740000016,80.65383740000016,0.05166149999968184,82.11399520000032,[np.float64(0.07685185185185185)],[np.float64(-0.4212962962962963)],[1],[0],[0],[1.478004300000066],['target'],,,,,P2,001,2025-09-26_22h23.51.737,VST,,2025.1.1,59.99332874189894,2025-09-26 22h24.01.001158 +0530,
53,0,53,[np.float64(0.125)],[np.float64(0.32592592592592595)],[1],[0],[0],[1.3137422999998307],['target'],53,0,53,0,82.19173920000003,,,,,,10,82.16698850000012,82.19173920000003,82.19173920000003,0.05271260000017719,83.48081660000025,[np.float64(0.125)],[np.float64(0.32592592592592595)],[1],[0],[0],[1.3137422999998307],['target'],,,,,P2,001,2025-09-26_22h23.51.737,VST,,2025.1.1,59.99332874189894,2025-09-26 22h24.01.001158 +0530,
54,0,54,[np.float64(-0.30833333333333335)],[np.float64(-0.36203703703703705)],[1],[0],[0],[1.4723745000001145],['target'],54,0,54,0,83.54470960000026,,,,,,10,83.52847910000037,83.54470960000026,83.54470960000026,0.047464599999784696,85.0009427,[np.float64(-0.30833333333333335)],[np.float64(-0.36203703703703705)],[1],[0],[0],[1.4723745000001145],['target'],,,,,P2,001,2025-09-26_22h23.51.737,VST,,2025.1.1,59.99332874189894,2025-09-26 22h24.01.001158 +0530,
55,0,55,[np.float64(0.28703703703703703)],[np.float64(-0.2861111111111111)],[1],[0],[0],[1.2742688999996972],['target'],55,0,55,0,85.03945410000006,,,,,,5,85.02553610000041,85.03945410000006,85.03945410000006,0.024381899999752932,86.29992220000031,[np.float64(0.28703703703703703)],[np.float64(-0.2861111111111111)],[1],[0],[0],[1.2742688999996972],['target'],,,,,P2,001,2025-09-26_22h23.51.737,VST,,2025.1.1,59.99332874189894,2025-09-26 22h24.01.001158 +0530,
56,0,56,[np.float64(0.1111111111111111)],[np.float64(0.08055555555555556)],[1],[0],[0],[1.1320725000000493],['target'],56,0,56,0,86.3751070000003,,,,,,10,86.35230660000025,86.3751070000003,86.3751070000003,0.05209340000010343,87.48449420000043,[np.float64(0.1111111111111111)],[np.float64(0.08055555555555556)],[1],[0],[0],[1.1320725000000493],['target'],,,,,P2,001,2025-09-26_22h23.51.737,VST,,2025.1.1,59.99332874189894,2025-09-26 22h24.01.001158 +0530,
57,0,57,[np.float64(0.43148148148148147)],[np.float64(0.016666666666666666)],[1],[0],[0],[1.1180825999999797],['target'],57,0,57,0,87.55159900000035,,,,,,10,87.53257740000026,87.55159900000035,87.55159900000035,0.04782599999998638,88.6507501000001,[np.float64(0.43148148148148147)],[np.float64(0.016666666666666666)],[1],[0],[0],[1.1180825999999797],['target'],,,,,P2,001,2025-09-26_22h23.51.737,VST,,2025.1.1,59.99332874189894,2025-09-26 22h24.01.001158 +0530,
58,0,58,[np.float64(-0.49537037037037035)],[np.float64(0.17314814814814813)],[1],[0],[0],[1.6016858000002685],['target'],58,0,58,0,88.71853610000016,,,,,,10,88.6985867000003,88.71853610000016,88.71853610000016,0.04762329999994108,90.30036880000034,[np.float64(-0.49537037037037035)],[np.float64(0.17314814814814813)],[1],[0],[0],[1.6016858000002685],['target'],,,,,P2,001,2025-09-26_22h23.51.737,VST,,2025.1.1,59.99332874189894,2025-09-26 22h24.01.001158 +0530,
59,0,59,[np.float64(-0.10092592592592593)],[np.float64(0.3055555555555556)],[1],[0],[0],[1.276575700000194],['target'],59,0,59,0,90.3364630000001,,,,,,5,90.32360700000027,90.3364630000001,90.3364630000001,0.023032900000089285,91.60026890000017,[np.float64(-0.10092592592592593)],[np.float64(0.3055555555555556)],[1],[0],[0],[1.276575700000194],['target'],,,,,P2,001,2025-09-26_22h23.51.737,VST,,2025.1.1,59.99332874189894,2025-09-26 22h24.01.001158 +0530,
60,0,60,[np.float64(0.34814814814814815)],[np.float64(0.005555555555555556)],[1],[0],[0],[1.2922491999997874],['target'],60,0,60,0,91.63791030000039,,,,,,5,91.62398460000031,91.63791030000039,91.63791030000039,0.023539700000128505,92.91638170000033,[np.float64(0.34814814814814815)],[np.float64(0.005555555555555556)],[1],[0],[0],[1.2922491999997874],['target'],,,,,P2,001,2025-09-26_22h23.51.737,VST,,2025.1.1,59.99332874189894,2025-09-26 22h24.01.001158 +0530,
61,0,61,[np.float64(0.11666666666666667)],[np.float64(0.05462962962962963)],[1],[0],[0],[1.2143166000000747],['target'],61,0,61,0,92.9880632000004,,,,,,10,92.96882040000037,92.9880632000004,92.9880632000004,0.0521536000001106,94.18324230000007,[np.float64(0.11666666666666667)],[np.float64(0.05462962962962963)],[1],[0],[0],[1.2143166000000747],['target'],,,,,P2,001,2025-09-26_22h23.51.737,VST,,2025.1.1,59.99332874189894,2025-09-26 22h24.01.001158 +0530,
62,0,62,[np.float64(-0.3148148148148148)],[np.float64(0.4703703703703704)],[1],[0],[0],[1.5239854999999807],['target'],62,0,62,0,94.21935670000039,,,,,,5,94.20675170000004,94.21935670000039,94.21935670000039,0.02329699999972945,95.73083870000028,[np.float64(-0.3148148148148148)],[np.float64(0.4703703703703704)],[1],[0],[0],[1.5239854999999807],['target'],,,,,P2,001,2025-09-26_22h23.51.737,VST,,2025.1.1,59.99332874189894,2025-09-26 22h24.01.001158 +0530,
63,0,63,[np.float64(-0.08518518518518518)],[np.float64(-0.3055555555555556)],[1],[0],[0],[1.5207546000001457],['target'],63,0,63,0,95.7995533000003,,,,,,10,95.77838010000005,95.7995533000003,95.7995533000003,0.04771340000024793,97.29927690000022,[np.float64(-0.08518518518518518)],[np.float64(-0.3055555555555556)],[1],[0],[0],[1.5207546000001457],['target'],,,,,P2,001,2025-09-26_22h23.51.737,VST,,2025.1.1,59.99332874189894,2025-09-26 22h24.01.001158 +0530,
64,0,64,[np.float64(-0.25277777777777777)],[np.float64(0.10185185185185185)],[1],[0],[0],[1.3172163999997792],['target'],64,0,64,0,97.34548350000023,,,,,,5,97.33065420000003,97.34548350000023,97.34548350000023,0.031017700000120385,98.64802380000037,[np.float64(-0.25277777777777777)],[np.float64(0.10185185185185185)],[1],[0],[0],[1.3172163999997792],['target'],,,,,P2,001,2025-09-26_22h23.51.737,VST,,2025.1.1,59.99332874189894,2025-09-26 22h24.01.001158 +0530,
65,0,65,[np.float64(0.12777777777777777)],[np.float64(-0.2175925925925926)],[1],[0],[0],[1.2527219999997214],['target'],65,0,65,0,98.71597750000001,,,,,,10,98.69703750000008,98.71597750000001,98.71597750000001,0.0487318000000414,99.94985530000031,[np.float64(0.12777777777777777)],[np.float64(-0.2175925925925926)],[1],[0],[0],[1.2527219999997214],['target'],,,,,P2,001,2025-09-26_22h23.51.737,VST,,2025.1.1,59.99332874189894,2025-09-26 22h24.01.001158 +0530,
66,0,66,[np.float64(-0.38425925925925924)],[np.float64(0.4740740740740741)],[1],[0],[0],[1.536308100000042],['target'],66,0,66,0,100.01753710000003,,,,,,10,99.99824100000023,100.01753710000003,100.01753710000003,0.0481712000000698,101.53468240000029,[np.float64(-0.38425925925925924)],[np.float64(0.4740740740740741)],[1],[0],[0],[1.536308100000042],['target'],,,,,P2,001,2025-09-26_22h23.51.737,VST,,2025.1.1,59.99332874189894,2025-09-26 22h24.01.001158 +0530,
67,0,67,[np.float64(-0.2796296296296296)],[np.float64(-0.10925925925925926)],[1],[0],[0],[1.4359809999996287],['target'],67,0,67,0,101.57600140000022,,,,,,5,101.56409570000005,101.57600140000022,101.57600140000022,0.029033099999651313,103.00021160000006,[np.float64(-0.2796296296296296)],[np.float64(-0.10925925925925926)],[1],[0],[0],[1.4359809999996287],['target'],,,,,P2,001,2025-09-26_22h23.51.737,VST,,2025.1.1,59.99332874189894,2025-09-26 22h24.01.001158 +0530,
68,0,68,[np.float64(0.4212962962962963)],[np.float64(-0.010185185185185186)],[1],[0],[0],[1.5262917000000016],['target'],68,0,68,0,103.03659540000035,,,,,,5,103.02387410000028,103.03659540000035,103.03659540000035,0.023466000000098575,104.55029710000008,[np.float64(0.4212962962962963)],[np.float64(-0.010185185185185186)],[1],[0],[0],[1.5262917000000016],['target'],,,,,P2,001,2025-09-26_22h23.51.737,VST,,2025.1.1,59.99332874189894,2025-09-26 22h24.01.001158 +0530,
69,0,69,[np.float64(0.05555555555555555)],[np.float64(-0.004629629629629629)],[1],[0],[0],[1.3733031000001574],['target'],69,0,69,0,104.58994480000001,,,,,,5,104.57742180000014,104.58994480000001,104.58994480000001,0.02685010000004695,105.95084910000014,[np.float64(0.05555555555555555)],[np.float64(-0.004629629629629629)],[1],[0],[0],[1.3733031000001574],['target'],,,,,P2,001,2025-09-26_22h23.51.737,VST,,2025.1.1,59.99332874189894,2025-09-26 22h24.01.001158 +0530,
70,0,70,[np.float64(-0.07314814814814814)],[np.float64(0.1787037037037037)],[1],[0],[0],[1.2907364000002417],['target'],70,0,70,0,106.03232660000003,,,,,,10,106.00751990000026,106.03232660000003,106.03232660000003,0.056379999999990105,107.29835940000021,[np.float64(-0.07314814814814814)],[np.float64(0.1787037037037037)],[1],[0],[0],[1.2907364000002417],['target'],,,,,P2,001,2025-09-26_22h23.51.737,VST,,2025.1.1,59.99332874189894,2025-09-26 22h24.01.001158 +0530,
71,0,71,[np.float64(0.275)],[np.float64(0.3990740740740741)],[1],[0],[0],[2.3806492999997317],['target'],71,0,71,0,107.35041930000034,,,,,,5,107.33563920000006,107.35041930000034,107.35041930000034,0.03698529999974198,109.71636600000011,[np.float64(0.275)],[np.float64(0.3990740740740741)],[1],[0],[0],[2.3806492999997317],['target'],,,,,P2,001,2025-09-26_22h23.51.737,VST,,2025.1.1,59.99332874189894,2025-09-26 22h24.01.001158 +0530,
72,0,72,[np.float64(0.1685185185185185)],[np.float64(0.1111111111111111)],[1],[0],[0],[1.2567693999999392],['target'],72,0,72,0,109.75723270000026,,,,,,5,109.74234340000021,109.75723270000026,109.75723270000026,0.02576649999991787,110.99921300000005,[np.float64(0.1685185185185185)],[np.float64(0.1111111111111111)],[1],[0],[0],[1.2567693999999392],['target'],,,,,P2,001,2025-09-26_22h23.51.737,VST,,2025.1.1,59.99332874189894,2025-09-26 22h24.01.001158 +0530,
73,0,73,[np.float64(0.4305555555555556)],[np.float64(0.43796296296296294)],[1],[0],[0],[1.529975999999806],['target'],73,0,73,0,111.0716123000002,,,,,,10,111.05030500000021,111.0716123000002,111.0716123000002,0.050924399999985326,112.58042010000008,[np.float64(0.4305555555555556)],[np.float64(0.43796296296296294)],[1],[0],[0],[1.529975999999806],['target'],,,,,P2,001,2025-09-26_22h23.51.737,VST,,2025.1.1,59.99332874189894,2025-09-26 22h24.01.001158 +0530,
74,0,74,[np.float64(0.04351851851851852)],[np.float64(0.23981481481481481)],[1],[0],[0],[1.272852199999761],['target'],74,0,74,0,112.65214520000018,,,,,,10,112.6314427000002,112.65214520000018,112.65214520000018,0.050690100000338134,113.90442840000014,[np.float64(0.04351851851851852)],[np.float64(0.23981481481481481)],[1],[0],[0],[1.272852199999761],['target'],,,,,P2,001,2025-09-26_22h23.51.737,VST,,2025.1.1,59.99332874189894,2025-09-26 22h24.01.001158 +0530,
75,0,75,[np.float64(0.17592592592592593)],[np.float64(0.4888888888888889)],[1],[0],[0],[1.4094062999997732],['target'],75,0,75,0,113.9822992000004,,,,,,10,113.95740310000019,113.9822992000004,113.9822992000004,0.05274569999983214,115.3669089,[np.float64(0.17592592592592593)],[np.float64(0.4888888888888889)],[1],[0],[0],[1.4094062999997732],['target'],,,,,P2,001,2025-09-26_22h23.51.737,VST,,2025.1.1,59.99332874189894,2025-09-26 22h24.01.001158 +0530,
76,0,76,[np.float64(-0.2601851851851852)],[np.float64(-0.22685185185185186)],[1],[0],[0],[1.3108164999998735],['target'],76,0,76,0,115.4067127000003,,,,,,5,115.39071760000024,115.4067127000003,115.4067127000003,0.02355760000000373,116.70163290000028,[np.float64(-0.2601851851851852)],[np.float64(-0.22685185185185186)],[1],[0],[0],[1.3108164999998735],['target'],,,,,P2,001,2025-09-26_22h23.51.737,VST,,2025.1.1,59.99332874189894,2025-09-26 22h24.01.001158 +0530,
77,0,77,[np.float64(0.16574074074074074)],[np.float64(0.03518518518518519)],[1],[0],[0],[0.9961988999998539],['target'],77,0,77,0,116.77547230000027,,,,,,10,116.7546927000003,116.77547230000027,116.77547230000027,0.05289280000033614,117.75098080000043,[np.float64(0.16574074074074074)],[np.float64(0.03518518518518519)],[1],[0],[0],[0.9961988999998539],['target'],,,,,P2,001,2025-09-26_22h23.51.737,VST,,2025.1.1,59.99332874189894,2025-09-26 22h24.01.001158 +0530,
78,0,78,[np.float64(-0.37222222222222223)],[np.float64(-0.18611111111111112)],[1],[0],[0],[1.3942471999998816],['target'],78,0,78,0,117.82370110000011,,,,,,10,117.80263400000013,117.82370110000011,117.82370110000011,0.05143449999968652,119.19701140000006,[np.float64(-0.37222222222222223)],[np.float64(-0.18611111111111112)],[1],[0],[0],[1.3942471999998816],['target'],,,,,P2,001,2025-09-26_22h23.51.737,VST,,2025.1.1,59.99332874189894,2025-09-26 22h24.01.001158 +0530,
79,0,79,[np.float64(-0.21944444444444444)],[np.float64(-0.3925925925925926)],[1],[0],[0],[1.1764416999999412],['target'],79,0,79,0,119.23679590000029,,,,,,5,119.22325100000035,119.23679590000029,119.23679590000029,0.025887899999816,120.39978660000043,[np.float64(-0.21944444444444444)],[np.float64(-0.3925925925925926)],[1],[0],[0],[1.1764416999999412],['target'],,,,,P2,001,2025-09-26_22h23.51.737,VST,,2025.1.1,59.99332874189894,2025-09-26 22h24.01.001158 +0530,
80,0,80,"[np.float64(0.41203703703703703), np.float64(0.41944444444444445)]","[np.float64(0.4046296296296296), np.float64(0.42407407407407405)]","[1, 1]","[0, 0]","[0, 0]","[1.1496229999997922, 1.9010095999997247]","[None, 'target']",80,0,80,0,120.47058190000007,,,,,,10,120.45030980000001,120.47058190000007,120.47058190000007,0.05009569999992891,122.35153570000011,"[np.float64(0.41203703703703703), np.float64(0.41944444444444445)]","[np.float64(0.4046296296296296), np.float64(0.42407407407407405)]","[1, 1]","[0, 0]","[0, 0]","[1.1496229999997922, 1.9010095999997247]","[None, 'target']",,,,,P2,001,2025-09-26_22h23.51.737,VST,,2025.1.1,59.99332874189894,2025-09-26 22h24.01.001158 +0530,
81,0,81,[np.float64(0.19074074074074074)],[np.float64(0.1962962962962963)],[1],[0],[0],[1.2364158999998835],['target'],81,0,81,0,122.39135820000001,,,,,,5,122.3796983000002,122.39135820000001,122.39135820000001,0.02774840000029144,123.61620680000033,[np.float64(0.19074074074074074)],[np.float64(0.1962962962962963)],[1],[0],[0],[1.2364158999998835],['target'],,,,,P2,001,2025-09-26_22h23.51.737,VST,,2025.1.1,59.99332874189894,2025-09-26 22h24.01.001158 +0530,
82,0,82,[np.float64(-0.17314814814814813)],[np.float64(-0.3675925925925926)],[1],[0],[0],[1.267989800000123],['target'],82,0,82,0,123.65740820000019,,,,,,5,123.64534020000019,123.65740820000019,123.65740820000019,0.02897609999990891,124.91349020000007,[np.float64(-0.17314814814814813)],[np.float64(-0.3675925925925926)],[1],[0],[0],[1.267989800000123],['target'],,,,,P2,001,2025-09-26_22h23.51.737,VST,,2025.1.1,59.99332874189894,2025-09-26 22h24.01.001158 +0530,
83,0,83,[np.float64(-0.38425925925925924)],[np.float64(0.03888888888888889)],[1],[0],[0],[1.1781225999998242],['target'],83,0,83,0,124.95237810000026,,,,,,5,124.93884220000018,124.95237810000026,124.95237810000026,0.02508880000004865,126.1170946000002,[np.float64(-0.38425925925925924)],[np.float64(0.03888888888888889)],[1],[0],[0],[1.1781225999998242],['target'],,,,,P2,001,2025-09-26_22h23.51.737,VST,,2025.1.1,59.99332874189894,2025-09-26 22h24.01.001158 +0530,
84,0,84,[np.float64(0.3851851851851852)],[np.float64(0.47962962962962963)],[1],[0],[0],[1.3181524000001446],['target'],84,0,84,0,126.16013410000005,,,,,,5,126.14800290000039,126.16013410000005,126.16013410000005,0.03063990000009653,127.4662717000001,[np.float64(0.3851851851851852)],[np.float64(0.47962962962962963)],[1],[0],[0],[1.3181524000001446],['target'],,,,,P2,001,2025-09-26_22h23.51.737,VST,,2025.1.1,59.99332874189894,2025-09-26 22h24.01.001158 +0530,
85,0,85,[np.float64(0.04259259259259259)],[np.float64(0.009259259259259259)],[1],[0],[0],[1.3594554999999673],['target'],85,0,85,0,127.50282230000039,,,,,,5,127.48981250000043,127.50282230000039,127.50282230000039,0.023369100000309118,128.8494066000003,[np.float64(0.04259259259259259)],[np.float64(0.009259259259259259)],[1],[0],[0],[1.3594554999999673],['target'],,,,,P2,001,2025-09-26_22h23.51.737,VST,,2025.1.1,59.99332874189894,2025-09-26 22h24.01.001158 +0530,
86,0,86,[np.float64(0.3787037037037037)],[np.float64(-0.07037037037037037)],[1],[0],[0],[1.5535995999998704],['target'],86,0,86,0,128.8919621,,,,,,5,128.87888180000027,128.8919621,128.8919621,0.028890499999761232,130.43260230000033,[np.float64(0.3787037037037037)],[np.float64(-0.07037037037037037)],[1],[0],[0],[1.5535995999998704],['target'],,,,,P2,001,2025-09-26_22h23.51.737,VST,,2025.1.1,59.99332874189894,2025-09-26 22h24.01.001158 +0530,
87,0,87,[np.float64(-0.4583333333333333)],[np.float64(-0.10277777777777777)],[1],[0],[0],[1.6390203000000838],['target'],87,0,87,0,130.47331320000012,,,,,,5,130.4625943000001,130.47331320000012,130.47331320000012,0.02943100000038612,132.10174080000024,[np.float64(-0.4583333333333333)],[np.float64(-0.10277777777777777)],[1],[0],[0],[1.6390203000000838],['target'],,,,,P2,001,2025-09-26_22h23.51.737,VST,,2025.1.1,59.99332874189894,2025-09-26 22h24.01.001158 +0530,
88,0,88,[np.float64(-0.19074074074074074)],[np.float64(0.3453703703703704)],[1],[0],[0],[1.0519076000000496],['target'],88,0,88,0,132.1458300000004,,,,,,5,132.13083450000022,132.1458300000004,132.1458300000004,0.028776200000265817,133.1828472000002,[np.float64(-0.19074074074074074)],[np.float64(0.3453703703703704)],[1],[0],[0],[1.0519076000000496],['target'],,,,,P2,001,2025-09-26_22h23.51.737,VST,,2025.1.1,59.99332874189894,2025-09-26 22h24.01.001158 +0530,
89,0,89,[np.float64(-0.23333333333333334)],[np.float64(0.07777777777777778)],[1],[0],[0],[1.1131538000004184],['target'],89,0,89,0,133.25551750000022,,,,,,10,133.2357422,133.25551750000022,133.25551750000022,0.05268149999983507,134.34898980000025,[np.float64(-0.23333333333333334)],[np.float64(0.07777777777777778)],[1],[0],[0],[1.1131538000004184],['target'],,,,,P2,001,2025-09-26_22h23.51.737,VST,,2025.1.1,59.99332874189894,2025-09-26 22h24.01.001158 +0530,
90,0,90,[np.float64(0.2935185185185185)],[np.float64(-0.42314814814814816)],[1],[0],[0],[1.8282546999998885],['target'],90,0,90,0,134.41994550000027,,,,,,10,134.40123800000038,134.41994550000027,134.41994550000027,0.05202689999987342,136.22958610000023,[np.float64(0.2935185185185185)],[np.float64(-0.42314814814814816)],[1],[0],[0],[1.8282546999998885],['target'],,,,,P2,001,2025-09-26_22h23.51.737,VST,,2025.1.1,59.99332874189894,2025-09-26 22h24.01.001158 +0530,
91,0,91,[np.float64(-0.40185185185185185)],[np.float64(-0.42685185185185187)],[1],[0],[0],[1.257925399999749],['target'],91,0,91,0,136.2974836000003,,,,,,10,136.27497170000015,136.2974836000003,136.2974836000003,0.045175100000051316,137.5329987,[np.float64(-0.40185185185185185)],[np.float64(-0.42685185185185187)],[1],[0],[0],[1.257925399999749],['target'],,,,,P2,001,2025-09-26_22h23.51.737,VST,,2025.1.1,59.99332874189894,2025-09-26 22h24.01.001158 +0530,
92,0,92,"[np.float64(0.27870370370370373), np.float64(0.2824074074074074)]","[np.float64(0.022222222222222223), np.float64(0.03148148148148148)]","[1, 1]","[0, 0]","[0, 0]","[1.1648015999999188, 2.013715499999762]","[None, 'target']",92,0,92,0,137.6061654,,,,,,10,137.58525590000045,137.6061654,137.6061654,0.05200560000002952,139.59909770000013,"[np.float64(0.27870370370370373), np.float64(0.2824074074074074)]","[np.float64(0.022222222222222223), np.float64(0.03148148148148148)]","[1, 1]","[0, 0]","[0, 0]","[1.1648015999999188, 2.013715499999762]","[None, 'target']",,,,,P2,001,2025-09-26_22h23.51.737,VST,,2025.1.1,59.99332874189894,2025-09-26 22h24.01.001158 +0530,
93,0,93,[np.float64(-0.4527777777777778)],[np.float64(0.37592592592592594)],[1],[0],[0],[1.1881666999997833],['target'],93,0,93,0,139.63735280000037,,,,,,5,139.62464960000034,139.63735280000037,139.63735280000037,0.025264299999889772,140.81291530000044,[np.float64(-0.4527777777777778)],[np.float64(0.37592592592592594)],[1],[0],[0],[1.1881666999997833],['target'],,,,,P2,001,2025-09-26_22h23.51.737,VST,,2025.1.1,59.99332874189894,2025-09-26 22h24.01.001158 +0530,
94,0,94,[np.float64(0.08055555555555556)],[np.float64(0.09722222222222222)],[1],[0],[0],[1.3731474000001072],['target'],94,0,94,0,140.85734740000044,,,,,,5,140.84285040000032,140.85734740000044,140.85734740000044,0.02941629999986617,142.2160898000002,[np.float64(0.08055555555555556)],[np.float64(0.09722222222222222)],[1],[0],[0],[1.3731474000001072],['target'],,,,,P2,001,2025-09-26_22h23.51.737,VST,,2025.1.1,59.99332874189894,2025-09-26 22h24.01.001158 +0530,
95,0,95,[np.float64(0.2824074074074074)],[np.float64(0.14722222222222223)],[1],[0],[0],[1.0165185000000747],['target'],95,0,95,0,142.2818115,,,,,,10,142.2627921000003,142.2818115,142.2818115,0.0465358000001288,143.27940460000036,[np.float64(0.2824074074074074)],[np.float64(0.14722222222222223)],[1],[0],[0],[1.0165185000000747],['target'],,,,,P2,001,2025-09-26_22h23.51.737,VST,,2025.1.1,59.99332874189894,2025-09-26 22h24.01.001158 +0530,
96,0,96,[np.float64(0.021296296296296296)],[np.float64(-0.04537037037037037)],[1],[0],[0],[1.1213033999997606],['target'],96,0,96,0,143.34525110000004,,,,,,10,143.32712660000016,143.34525110000004,143.34525110000004,0.04748149999977613,144.4485593000004,[np.float64(0.021296296296296296)],[np.float64(-0.04537037037037037)],[1],[0],[0],[1.1213033999997606],['target'],,,,,P2,001,2025-09-26_22h23.51.737,VST,,2025.1.1,59.99332874189894,2025-09-26 22h24.01.001158 +0530,
97,0,97,[np.float64(-0.10092592592592593)],[np.float64(-0.3351851851851852)],[1],[0],[0],[1.0144596999998612],['target'],97,0,97,0,144.51978140000028,,,,,,10,144.50071340000022,144.51978140000028,144.51978140000028,0.051842800000031275,145.51532120000002,[np.float64(-0.10092592592592593)],[np.float64(-0.3351851851851852)],[1],[0],[0],[1.0144596999998612],['target'],,,,,P2,001,2025-09-26_22h23.51.737,VST,,2025.1.1,59.99332874189894,2025-09-26 22h24.01.001158 +0530,
98,0,98,[np.float64(0.16574074074074074)],[np.float64(-0.31203703703703706)],[1],[0],[0],[1.0558351999998195],['target'],98,0,98,0,145.60114020000037,,,,,,10,145.57457870000007,145.60114020000037,145.60114020000037,0.05895150000014837,146.63057020000042,[np.float64(0.16574074074074074)],[np.float64(-0.31203703703703706)],[1],[0],[0],[1.0558351999998195],['target'],,,,,P2,001,2025-09-26_22h23.51.737,VST,,2025.1.1,59.99332874189894,2025-09-26 22h24.01.001158 +0530,
99,0,99,[np.float64(0.09537037037037037)],[np.float64(-0.018518518518518517)],[1],[0],[0],[1.1433717999998407],['target'],99,0,99,0,146.66969420000032,,,,,,5,146.6564601,146.66969420000032,146.66969420000032,0.02558370000042487,147.79999640000005,[np.float64(0.09537037037037037)],[np.float64(-0.018518518518518517)],[1],[0],[0],[1.1433717999998407],['target'],,,,,P2,001,2025-09-26_22h23.51.737,VST,,2025.1.1,59.99332874189894,2025-09-26 22h24.01.001158 +0530,
100,0,100,[np.float64(0.18333333333333332)],[np.float64(0.25833333333333336)],[1],[0],[0],[1.2352608000001055],['target'],100,0,100,0,147.84228100000018,,,,,,5,147.8298265000003,147.84228100000018,147.84228100000018,0.029589199999918492,149.06517810000014,[np.float64(0.18333333333333332)],[np.float64(0.25833333333333336)],[1],[0],[0],[1.2352608000001055],['target'],,,,,P2,001,2025-09-26_22h23.51.737,VST,,2025.1.1,59.99332874189894,2025-09-26 22h24.01.001158 +0530,
101,0,101,[np.float64(0.3351851851851852)],[np.float64(-0.026851851851851852)],[1],[0],[0],[1.1775525000002744],['target'],101,0,101,0,149.09971680000035,,,,,,5,149.0875275000003,149.09971680000035,149.09971680000035,0.022177300000294053,150.26517460000014,[np.float64(0.3351851851851852)],[np.float64(-0.026851851851851852)],[1],[0],[0],[1.1775525000002744],['target'],,,,,P2,001,2025-09-26_22h23.51.737,VST,,2025.1.1,59.99332874189894,2025-09-26 22h24.01.001158 +0530,
102,0,102,[np.float64(-0.3425925925925926)],[np.float64(0.3574074074074074)],[1],[0],[0],[1.2069938999998158],['target'],102,0,102,0,150.3053549000001,,,,,,5,150.29133710000042,150.3053549000001,150.3053549000001,0.025989299999764626,151.49842880000006,[np.float64(-0.3425925925925926)],[np.float64(0.3574074074074074)],[1],[0],[0],[1.2069938999998158],['target'],,,,,P2,001,2025-09-26_22h23.51.737,VST,,2025.1.1,59.99332874189894,2025-09-26 22h24.01.001158 +0530,
103,0,103,[np.float64(-0.028703703703703703)],[np.float64(-0.44074074074074077)],[1],[0],[0],[1.5997753999999986],['target'],103,0,103,0,151.57279720000042,,,,,,10,151.55136400000038,151.57279720000042,151.57279720000042,0.05276229999981297,153.15127230000007,[np.float64(-0.028703703703703703)],[np.float64(-0.44074074074074077)],[1],[0],[0],[1.5997753999999986],['target'],,,,,P2,001,2025-09-26_22h23.51.737,VST,,2025.1.1,59.99332874189894,2025-09-26 22h24.01.001158 +0530,
104,0,104,[np.float64(-0.4203703703703704)],[np.float64(-0.32407407407407407)],[1],[0],[0],[1.3157568999999967],['target'],104,0,104,0,153.21827180000037,,,,,,10,153.20027870000013,153.21827180000037,153.21827180000037,0.04868450000003577,154.5161366000002,[np.float64(-0.4203703703703704)],[np.float64(-0.32407407407407407)],[1],[0],[0],[1.3157568999999967],['target'],,,,,P2,001,2025-09-26_22h23.51.737,VST,,2025.1.1,59.99332874189894,2025-09-26 22h24.01.001158 +0530,
105,0,105,[np.float64(-0.18333333333333332)],[np.float64(0.4166666666666667)],[1],[0],[0],[1.1693175999998857],['target'],105,0,105,0,154.55552750000015,,,,,,5,154.5439053,154.55552750000015,154.55552750000015,0.02752520000012737,155.71336610000026,[np.float64(-0.18333333333333332)],[np.float64(0.4166666666666667)],[1],[0],[0],[1.1693175999998857],['target'],,,,,P2,001,2025-09-26_22h23.51.737,VST,,2025.1.1,59.99332874189894,2025-09-26 22h24.01.001158 +0530,
106,0,106,[np.float64(0.40370370370370373)],[np.float64(-0.20462962962962963)],[1],[0],[0],[1.336254800000006],['target'],106,0,106,0,155.78160940000043,,,,,,10,155.7620122000003,155.78160940000043,155.78160940000043,0.048373000000083266,157.09844250000015,[np.float64(0.40370370370370373)],[np.float64(-0.20462962962962963)],[1],[0],[0],[1.336254800000006],['target'],,,,,P2,001,2025-09-26_22h23.51.737,VST,,2025.1.1,59.99332874189894,2025-09-26 22h24.01.001158 +0530,
107,0,107,[np.float64(-0.29907407407407405)],[np.float64(0.12407407407407407)],[1],[0],[0],[1.5205786999999873],['target'],107,0,107,0,157.1833901,,,,,,10,157.15860020000036,157.1833901,157.1833901,0.059844600000360515,158.67933270000003,[np.float64(-0.29907407407407405)],[np.float64(0.12407407407407407)],[1],[0],[0],[1.5205786999999873],['target'],,,,,P2,001,2025-09-26_22h23.51.737,VST,,2025.1.1,59.99332874189894,2025-09-26 22h24.01.001158 +0530,
108,0,108,[np.float64(-0.12129629629629629)],[np.float64(0.15092592592592594)],[1],[0],[0],[2.284331800000018],['target'],108,0,108,0,158.7503603,,,,,,10,158.7310567000004,158.7503603,158.7503603,0.05136709999987943,161.01548760000014,[np.float64(-0.12129629629629629)],[np.float64(0.15092592592592594)],[1],[0],[0],[2.284331800000018],['target'],,,,,P2,001,2025-09-26_22h23.51.737,VST,,2025.1.1,59.99332874189894,2025-09-26 22h24.01.001158 +0530,
109,0,109,[np.float64(-0.3537037037037037)],[np.float64(-0.058333333333333334)],[1],[0],[0],[1.590708899999754],['target'],109,0,109,0,161.07647670000006,,,,,,10,161.05861360000017,161.07647670000006,161.07647670000006,0.042878100000052655,162.64946710000004,[np.float64(-0.3537037037037037)],[np.float64(-0.058333333333333334)],[1],[0],[0],[1.590708899999754],['target'],,,,,P2,001,2025-09-26_22h23.51.737,VST,,2025.1.1,59.99332874189894,2025-09-26 22h24.01.001158 +0530,
110,0,110,[np.float64(0.005555555555555556)],[np.float64(-0.14907407407407408)],[1],[0],[0],[1.5383297999997012],['target'],110,0,110,0,162.68985880000037,,,,,,5,162.67775770000026,162.68985880000037,162.68985880000037,0.027899100000013277,164.2162239000004,[np.float64(0.005555555555555556)],[np.float64(-0.14907407407407408)],[1],[0],[0],[1.5383297999997012],['target'],,,,,P2,001,2025-09-26_22h23.51.737,VST,,2025.1.1,59.99332874189894,2025-09-26 22h24.01.001158 +0530,
111,0,111,[np.float64(0.44351851851851853)],[np.float64(-0.3)],[1],[0],[0],[2.13324909999983],['target'],111,0,111,0,164.2830073,,,,,,10,164.26365270000042,164.2830073,164.2830073,0.047230799999852024,166.39713980000033,[np.float64(0.44351851851851853)],[np.float64(-0.3)],[1],[0],[0],[2.13324909999983],['target'],,,,,P2,001,2025-09-26_22h23.51.737,VST,,2025.1.1,59.99332874189894,2025-09-26 22h24.01.001158 +0530,
112,0,112,[np.float64(-0.16296296296296298)],[np.float64(0.22870370370370371)],[1],[0],[0],[1.2839171000000533],['target'],112,0,112,0,166.4433398000001,,,,,,5,166.43179550000013,166.4433398000001,166.4433398000001,0.03418870000041352,167.71584490000032,[np.float64(-0.16296296296296298)],[np.float64(0.22870370370370371)],[1],[0],[0],[1.2839171000000533],['target'],,,,,P2,001,2025-09-26_22h23.51.737,VST,,2025.1.1,59.99332874189894,2025-09-26 22h24.01.001158 +0530,
113,0,113,[np.float64(-0.27685185185185185)],[np.float64(-0.14907407407407408)],[1],[0],[0],[1.350017900000239],['target'],113,0,113,0,167.76072010000007,,,,,,5,167.7457413000002,167.76072010000007,167.76072010000007,0.030022599999938393,169.09599480000043,[np.float64(-0.27685185185185185)],[np.float64(-0.14907407407407408)],[1],[0],[0],[1.350017900000239],['target'],,,,,P2,001,2025-09-26_22h23.51.737,VST,,2025.1.1,59.99332874189894,2025-09-26 22h24.01.001158 +0530,
114,0,114,[np.float64(-0.027777777777777776)],[np.float64(0.3731481481481482)],[1],[0],[0],[1.3027682000001732],['target'],114,0,114,0,169.17545990000008,,,,,,10,169.1482420000002,169.17545990000008,169.17545990000008,0.05197950000001583,170.45112290000043,[np.float64(-0.027777777777777776)],[np.float64(0.3731481481481482)],[1],[0],[0],[1.3027682000001732],['target'],,,,,P2,001,2025-09-26_22h23.51.737,VST,,2025.1.1,59.99332874189894,2025-09-26 22h24.01.001158 +0530,
115,0,115,[np.float64(-0.06111111111111111)],[np.float64(0.005555555555555556)],[1],[0],[0],[1.0724169000000074],['target'],115,0,115,0,170.48784270000033,,,,,,5,170.47658090000004,170.48784270000033,170.48784270000033,0.025227000000086264,171.54913970000007,[np.float64(-0.06111111111111111)],[np.float64(0.005555555555555556)],[1],[0],[0],[1.0724169000000074],['target'],,,,,P2,001,2025-09-26_22h23.51.737,VST,,2025.1.1,59.99332874189894,2025-09-26 22h24.01.001158 +0530,
116,0,116,[np.float64(-0.041666666666666664)],[np.float64(0.016666666666666666)],[1],[0],[0],[0.9269107000000076],['target'],116,0,116,0,171.58535630000006,,,,,,5,171.5734327,171.58535630000006,171.58535630000006,0.024083599999812577,172.5004428000002,[np.float64(-0.041666666666666664)],[np.float64(0.016666666666666666)],[1],[0],[0],[0.9269107000000076],['target'],,,,,P2,001,2025-09-26_22h23.51.737,VST,,2025.1.1,59.99332874189894,2025-09-26 22h24.01.001158 +0530,
117,0,117,[np.float64(-0.10925925925925926)],[np.float64(0.35648148148148145)],[1],[0],[0],[1.119459800000186],['target'],117,0,117,0,172.53982050000013,,,,,,5,172.52579530000003,172.53982050000013,172.53982050000013,0.025175799999942683,173.6453558000003,[np.float64(-0.10925925925925926)],[np.float64(0.35648148148148145)],[1],[0],[0],[1.119459800000186],['target'],,,,,P2,001,2025-09-26_22h23.51.737,VST,,2025.1.1,59.99332874189894,2025-09-26 22h24.01.001158 +0530,
118,0,118,[np.float64(-0.08333333333333333)],[np.float64(0.08518518518518518)],[1],[0],[0],[0.960587100000339],['target'],118,0,118,0,173.6821514000003,,,,,,5,173.66847170000028,173.6821514000003,173.6821514000003,0.02293839999992997,174.62915900000007,[np.float64(-0.08333333333333333)],[np.float64(0.08518518518518518)],[1],[0],[0],[0.960587100000339],['target'],,,,,P2,001,2025-09-26_22h23.51.737,VST,,2025.1.1,59.99332874189894,2025-09-26 22h24.01.001158 +0530,
119,0,119,[np.float64(0.2777777777777778)],[np.float64(0.1962962962962963)],[1],[0],[0],[1.0852530000001934],['target'],119,0,119,0,174.69890470000018,,,,,,10,174.6796905000001,174.69890470000018,174.69890470000018,0.050284299999930226,175.7653793000004,[np.float64(0.2777777777777778)],[np.float64(0.1962962962962963)],[1],[0],[0],[1.0852530000001934],['target'],,,,,P2,001,2025-09-26_22h23.51.737,VST,,2025.1.1,59.99332874189894,2025-09-26 22h24.01.001158 +0530,
120,0,120,[np.float64(0.2740740740740741)],[np.float64(0.09444444444444444)],[1],[0],[0],[1.536889599999995],['target'],120,0,120,0,175.80896840000014,,,,,,5,175.79588220000005,175.80896840000014,175.80896840000014,0.030151700000260462,177.3329351000002,[np.float64(0.2740740740740741)],[np.float64(0.09444444444444444)],[1],[0],[0],[1.536889599999995],['target'],,,,,P2,001,2025-09-26_22h23.51.737,VST,,2025.1.1,59.99332874189894,2025-09-26 22h24.01.001158 +0530,
121,0,121,[np.float64(-0.10555555555555556)],[np.float64(0.41759259259259257)],[1],[0],[0],[1.1607380999998895],['target'],121,0,121,0,177.40614790000018,,,,,,10,177.38690710000037,177.40614790000018,177.40614790000018,0.05372599999964223,178.54779160000044,[np.float64(-0.10555555555555556)],[np.float64(0.41759259259259257)],[1],[0],[0],[1.1607380999998895],['target'],,,,,P2,001,2025-09-26_22h23.51.737,VST,,2025.1.1,59.99332874189894,2025-09-26 22h24.01.001158 +0530,
122,0,122,"[np.float64(-0.24814814814814815), np.float64(-0.22777777777777777)]","[np.float64(0.125), np.float64(0.10555555555555556)]","[1, 1]","[0, 0]","[0, 0]","[0.9476683000002595, 1.7946498000001156]","[None, 'target']",122,0,122,0,178.62118720000035,,,,,,10,178.60037230000034,178.62118720000035,178.62118720000035,0.05224559999987832,180.39513570000008,"[np.float64(-0.24814814814814815), np.float64(-0.22777777777777777)]","[np.float64(0.125), np.float64(0.10555555555555556)]","[1, 1]","[0, 0]","[0, 0]","[0.9476683000002595, 1.7946498000001156]","[None, 'target']",,,,,P2,001,2025-09-26_22h23.51.737,VST,,2025.1.1,59.99332874189894,2025-09-26 22h24.01.001158 +0530,
123,0,123,[np.float64(-0.4537037037037037)],[np.float64(0.1925925925925926)],[1],[0],[0],[1.1530664000001707],['target'],123,0,123,0,180.4638285000001,,,,,,10,180.4423740000002,180.4638285000001,180.4638285000001,0.04686119999996663,181.59553840000035,[np.float64(-0.4537037037037037)],[np.float64(0.1925925925925926)],[1],[0],[0],[1.1530664000001707],['target'],,,,,P2,001,2025-09-26_22h23.51.737,VST,,2025.1.1,59.99332874189894,2025-09-26 22h24.01.001158 +0530,
124,0,124,"[np.float64(0.023148148148148147), np.float64(0.040740740740740744)]","[np.float64(-0.3351851851851852), np.float64(-0.33796296296296297)]","[1, 1]","[0, 0]","[0, 0]","[1.2240362000002278, 1.9902497000002768]","[None, 'target']",124,0,124,0,181.6351066000002,,,,,,5,181.62133700000004,181.6351066000002,181.6351066000002,0.025530699999762874,183.6116766,"[np.float64(0.023148148148148147), np.float64(0.040740740740740744)]","[np.float64(-0.3351851851851852), np.float64(-0.33796296296296297)]","[1, 1]","[0, 0]","[0, 0]","[1.2240362000002278, 1.9902497000002768]","[None, 'target']",,,,,P2,001,2025-09-26_22h23.51.737,VST,,2025.1.1,59.99332874189894,2025-09-26 22h24.01.001158 +0530,
125,0,125,[np.float64(-0.21203703703703702)],[np.float64(-0.1787037037037037)],[1],[0],[0],[1.2052333000001454],['target'],125,0,125,0,183.67651400000022,,,,,,10,183.65676680000024,183.67651400000022,183.67651400000022,0.04488240000000587,184.86211520000006,[np.float64(-0.21203703703703702)],[np.float64(-0.1787037037037037)],[1],[0],[0],[1.2052333000001454],['target'],,,,,P2,001,2025-09-26_22h23.51.737,VST,,2025.1.1,59.99332874189894,2025-09-26 22h24.01.001158 +0530,
126,0,126,[np.float64(0.20092592592592592)],[np.float64(-0.2601851851851852)],[1],[0],[0],[1.1105695000001106],['target'],126,0,126,0,184.89618770000016,,,,,,5,184.88480760000039,184.89618770000016,184.89618770000016,0.02247250000027634,185.99547550000034,[np.float64(0.20092592592592592)],[np.float64(-0.2601851851851852)],[1],[0],[0],[1.1105695000001106],['target'],,,,,P2,001,2025-09-26_22h23.51.737,VST,,2025.1.1,59.99332874189894,2025-09-26 22h24.01.001158 +0530,
127,0,127,[np.float64(-0.35462962962962963)],[np.float64(0.075)],[1],[0],[0],[1.1803936000001158],['target'],127,0,127,0,186.03195040000037,,,,,,5,186.01917010000034,186.03195040000037,186.03195040000037,0.023511799999596406,187.19969500000025,[np.float64(-0.35462962962962963)],[np.float64(0.075)],[1],[0],[0],[1.1803936000001158],['target'],,,,,P2,001,2025-09-26_22h23.51.737,VST,,2025.1.1,59.99332874189894,2025-09-26 22h24.01.001158 +0530,
128,0,128,[np.float64(-0.27314814814814814)],[np.float64(-0.4648148148148148)],[1],[0],[0],[1.5171558000001824],['target'],128,0,128,0,187.27253410000003,,,,,,10,187.24907610000037,187.27253410000003,187.27253410000003,0.04916629999979705,188.76631820000011,[np.float64(-0.27314814814814814)],[np.float64(-0.4648148148148148)],[1],[0],[0],[1.5171558000001824],['target'],,,,,P2,001,2025-09-26_22h23.51.737,VST,,2025.1.1,59.99332874189894,2025-09-26 22h24.01.001158 +0530,
129,0,129,[np.float64(0.12314814814814815)],[np.float64(-0.11944444444444445)],[1],[0],[0],[1.19620279999981],['target'],129,0,129,0,188.8370004000003,,,,,,10,188.81648470000027,188.8370004000003,188.8370004000003,0.04995150000013382,190.01278700000012,[np.float64(0.12314814814814815)],[np.float64(-0.11944444444444445)],[1],[0],[0],[1.19620279999981],['target'],,,,,P2,001,2025-09-26_22h23.51.737,VST,,2025.1.1,59.99332874189894,2025-09-26 22h24.01.001158 +0530,
130,0,130,"[np.float64(-0.44074074074074077), np.float64(-0.41388888888888886)]","[np.float64(0.42592592592592593), np.float64(0.4212962962962963)]","[1, 1]","[0, 0]","[0, 0]","[1.2597577999999885, 2.2554299000003084]","[None, 'target']",130,0,130,0,190.07591500000035,,,,,,10,190.05592220000017,190.07591500000035,190.07591500000035,0.042918399999962276,192.31145080000033,"[np.float64(-0.44074074074074077), np.float64(-0.41388888888888886)]","[np.float64(0.42592592592592593), np.float64(0.4212962962962963)]","[1, 1]","[0, 0]","[0, 0]","[1.2597577999999885, 2.2554299000003084]","[None, 'target']",,,,,P2,001,2025-09-26_22h23.51.737,VST,,2025.1.1,59.99332874189894,2025-09-26 22h24.01.001158 +0530,
131,0,131,[np.float64(-0.3907407407407407)],[np.float64(-0.10462962962962963)],[1],[0],[0],[1.1148192000000563],['target'],131,0,131,0,192.34399310000026,,,,,,5,192.3339890000002,192.34399310000026,192.34399310000026,0.022297400000297785,193.44892300000038,[np.float64(-0.3907407407407407)],[np.float64(-0.10462962962962963)],[1],[0],[0],[1.1148192000000563],['target'],,,,,P2,001,2025-09-26_22h23.51.737,VST,,2025.1.1,59.99332874189894,2025-09-26 22h24.01.001158 +0530,
132,0,132,[np.float64(-0.03148148148148148)],[np.float64(-0.014814814814814815)],[1],[0],[0],[1.0253797999998824],['target'],132,0,132,0,193.48634680000032,,,,,,5,193.47272030000022,193.48634680000032,193.48634680000032,0.02359389999992345,194.49822540000014,[np.float64(-0.03148148148148148)],[np.float64(-0.014814814814814815)],[1],[0],[0],[1.0253797999998824],['target'],,,,,P2,001,2025-09-26_22h23.51.737,VST,,2025.1.1,59.99332874189894,2025-09-26 22h24.01.001158 +0530,
133,0,133,[np.float64(-0.4398148148148148)],[np.float64(0.2388888888888889)],[1],[0],[0],[1.1894803000000138],['target'],133,0,133,0,194.53769980000015,,,,,,5,194.52516060000016,194.53769980000015,194.53769980000015,0.026656800000182557,195.71474050000006,[np.float64(-0.4398148148148148)],[np.float64(0.2388888888888889)],[1],[0],[0],[1.1894803000000138],['target'],,,,,P2,001,2025-09-26_22h23.51.737,VST,,2025.1.1,59.99332874189894,2025-09-26 22h24.01.001158 +0530,
134,0,134,[np.float64(-0.3861111111111111)],[np.float64(0.4935185185185185)],[1],[0],[0],[2.061500000000251],['target'],134,0,134,0,195.79098170000043,,,,,,10,195.77035300000034,195.79098170000043,195.79098170000043,0.055319800000233954,197.83200810000017,[np.float64(-0.3861111111111111)],[np.float64(0.4935185185185185)],[1],[0],[0],[2.061500000000251],['target'],,,,,P2,001,2025-09-26_22h23.51.737,VST,,2025.1.1,59.99332874189894,2025-09-26 22h24.01.001158 +0530,
135,0,135,[np.float64(-0.001851851851851852)],[np.float64(0.11944444444444445)],[1],[0],[0],[1.2192654000000402],['target'],135,0,135,0,197.87640510000028,,,,,,5,197.86296430000039,197.87640510000028,197.87640510000028,0.030640399999811052,199.08233380000001,[np.float64(-0.001851851851851852)],[np.float64(0.11944444444444445)],[1],[0],[0],[1.2192654000000402],['target'],,,,,P2,001,2025-09-26_22h23.51.737,VST,,2025.1.1,59.99332874189894,2025-09-26 22h24.01.001158 +0530,
136,0,136,[np.float64(-0.1111111111111111)],[np.float64(-0.12962962962962962)],[1],[0],[0],[1.1386238000000048],['target'],136,0,136,0,199.12109090000013,,,,,,5,199.10826000000043,199.12109090000013,199.12109090000013,0.02572969999982888,200.2469919,[np.float64(-0.1111111111111111)],[np.float64(-0.12962962962962962)],[1],[0],[0],[1.1386238000000048],['target'],,,,,P2,001,2025-09-26_22h23.51.737,VST,,2025.1.1,59.99332874189894,2025-09-26 22h24.01.001158 +0530,
137,0,137,[np.float64(0.41759259259259257)],[np.float64(-0.4675925925925926)],[1],[0],[0],[1.2718495999997685],['target'],137,0,137,0,200.28997080000045,,,,,,5,200.27614010000025,200.28997080000045,200.28997080000045,0.02898619999996299,201.54807070000015,[np.float64(0.41759259259259257)],[np.float64(-0.4675925925925926)],[1],[0],[0],[1.2718495999997685],['target'],,,,,P2,001,2025-09-26_22h23.51.737,VST,,2025.1.1,59.99332874189894,2025-09-26 22h24.01.001158 +0530,
138,0,138,[np.float64(-0.125)],[np.float64(0.11574074074074074)],[1],[0],[0],[1.1027447000001303],['target'],138,0,138,0,201.58870320000005,,,,,,5,201.57620030000044,201.58870320000005,201.58870320000005,0.0277234000000135,202.67903060000026,[np.float64(-0.125)],[np.float64(0.11574074074074074)],[1],[0],[0],[1.1027447000001303],['target'],,,,,P2,001,2025-09-26_22h23.51.737,VST,,2025.1.1,59.99332874189894,2025-09-26 22h24.01.001158 +0530,
139,0,139,[np.float64(0.34814814814814815)],[np.float64(0.07314814814814814)],[1],[0],[0],[1.2419027999999344],['target'],139,0,139,0,202.71917210000038,,,,,,5,202.7049407000004,202.71917210000038,202.71917210000038,0.025708900000154244,203.9469438000001,[np.float64(0.34814814814814815)],[np.float64(0.07314814814814814)],[1],[0],[0],[1.2419027999999344],['target'],,,,,P2,001,2025-09-26_22h23.51.737,VST,,2025.1.1,59.99332874189894,2025-09-26 22h24.01.001158 +0530,
140,0,140,[np.float64(-0.25462962962962965)],[np.float64(0.45555555555555555)],[1],[0],[0],[1.1520056999997905],['target'],140,0,140,0,204.01703550000002,,,,,,10,203.99665570000025,204.01703550000002,204.01703550000002,0.049543699999958335,205.14874290000034,[np.float64(-0.25462962962962965)],[np.float64(0.45555555555555555)],[1],[0],[0],[1.1520056999997905],['target'],,,,,P2,001,2025-09-26_22h23.51.737,VST,,2025.1.1,59.99332874189894,2025-09-26 22h24.01.001158 +0530,
141,0,141,[np.float64(-0.44814814814814813)],[np.float64(-0.14629629629629629)],[1],[0],[0],[1.274022199999763],['target'],141,0,141,0,205.18899650000003,,,,,,5,205.17474230000016,205.18899650000003,205.18899650000003,0.02601279999998951,206.4488553000001,[np.float64(-0.44814814814814813)],[np.float64(-0.14629629629629629)],[1],[0],[0],[1.274022199999763],['target'],,,,,P2,001,2025-09-26_22h23.51.737,VST,,2025.1.1,59.99332874189894,2025-09-26 22h24.01.001158 +0530,
142,0,142,[np.float64(0.14444444444444443)],[np.float64(-0.05)],[1],[0],[0],[1.315299999999752],['target'],142,0,142,0,206.52024390000042,,,,,,10,206.4995159,206.52024390000042,206.52024390000042,0.050493200000346405,207.8149188000002,[np.float64(0.14444444444444443)],[np.float64(-0.05)],[1],[0],[0],[1.315299999999752],['target'],,,,,P2,001,2025-09-26_22h23.51.737,VST,,2025.1.1,59.99332874189894,2025-09-26 22h24.01.001158 +0530,
143,0,143,[np.float64(-0.225)],[np.float64(-0.27870370370370373)],[1],[0],[0],[1.212598699999944],['target'],143,0,143,0,207.88653190000014,,,,,,10,207.86599410000008,207.88653190000014,207.88653190000014,0.05055809999976191,209.0787365000001,[np.float64(-0.225)],[np.float64(-0.27870370370370373)],[1],[0],[0],[1.212598699999944],['target'],,,,,P2,001,2025-09-26_22h23.51.737,VST,,2025.1.1,59.99332874189894,2025-09-26 22h24.01.001158 +0530,
144,0,144,[np.float64(0.20462962962962963)],[np.float64(0.35555555555555557)],[1],[0],[0],[1.3531293999999434],['target'],144,0,144,0,209.14769360000037,,,,,,10,209.12592320000022,209.14769360000037,209.14769360000037,0.046860299999934796,210.47914530000025,[np.float64(0.20462962962962963)],[np.float64(0.35555555555555557)],[1],[0],[0],[1.3531293999999434],['target'],,,,,P2,001,2025-09-26_22h23.51.737,VST,,2025.1.1,59.99332874189894,2025-09-26 22h24.01.001158 +0530,
145,0,145,[np.float64(0.4666666666666667)],[np.float64(0.049074074074074076)],[1],[0],[0],[1.314324100000249],['target'],145,0,145,0,210.65472290000025,,,,,,10,210.6339941000001,210.65472290000025,210.65472290000025,0.15455179999980828,211.9484166000002,[np.float64(0.4666666666666667)],[np.float64(0.049074074074074076)],[1],[0],[0],[1.314324100000249],['target'],,,,,P2,001,2025-09-26_22h23.51.737,VST,,2025.1.1,59.99332874189894,2025-09-26 22h24.01.001158 +0530,
146,0,146,[np.float64(0.3888888888888889)],[np.float64(0.47962962962962963)],[1],[0],[0],[1.1924251999998887],['target'],146,0,146,0,211.98643850000008,,,,,,5,211.97393740000007,211.98643850000008,211.98643850000008,0.025285299999723065,213.16647590000002,[np.float64(0.3888888888888889)],[np.float64(0.47962962962962963)],[1],[0],[0],[1.1924251999998887],['target'],,,,,P2,001,2025-09-26_22h23.51.737,VST,,2025.1.1,59.99332874189894,2025-09-26 22h24.01.001158 +0530,
147,0,147,"[np.float64(-0.287962962962963), np.float64(-0.3111111111111111)]","[np.float64(0.26296296296296295), np.float64(0.26481481481481484)]","[1, 1]","[0, 0]","[0, 0]","[1.2281427999996595, 2.0796748999996453]","[None, 'target']",147,0,147,0,213.23903960000007,,,,,,10,213.21752560000004,213.23903960000007,213.23903960000007,0.05086639999990439,215.29729890000044,"[np.float64(-0.287962962962963), np.float64(-0.3111111111111111)]","[np.float64(0.26296296296296295), np.float64(0.26481481481481484)]","[1, 1]","[0, 0]","[0, 0]","[1.2281427999996595, 2.0796748999996453]","[None, 'target']",,,,,P2,001,2025-09-26_22h23.51.737,VST,,2025.1.1,59.99332874189894,2025-09-26 22h24.01.001158 +0530,
148,0,148,[np.float64(-0.1675925925925926)],[np.float64(0.40370370370370373)],[1],[0],[0],[1.2487511999997878],['target'],148,0,148,0,215.37064060000012,,,,,,10,215.3498542000002,215.37064060000012,215.37064060000012,0.0519893000000593,216.5987384,[np.float64(-0.1675925925925926)],[np.float64(0.40370370370370373)],[1],[0],[0],[1.2487511999997878],['target'],,,,,P2,001,2025-09-26_22h23.51.737,VST,,2025.1.1,59.99332874189894,2025-09-26 22h24.01.001158 +0530,
149,0,149,[np.float64(-0.2064814814814815)],[np.float64(0.2388888888888889)],[1],[0],[0],[1.1309424999999464],['target'],149,0,149,0,216.64650130000018,,,,,,5,216.63111150000032,216.64650130000018,216.64650130000018,0.03171919999977035,217.76218420000032,[np.float64(-0.2064814814814815)],[np.float64(0.2388888888888889)],[1],[0],[0],[1.1309424999999464],['target'],,,,,P2,001,2025-09-26_22h23.51.737,VST,,2025.1.1,59.99332874189894,2025-09-26 22h24.01.001158 +0530,
150,0,150,[np.float64(-0.3)],[np.float64(0.05185185185185185)],[1],[0],[0],[1.1226205000002665],['target'],150,0,150,0,217.8044003,,,,,,5,217.79129160000002,217.8044003,217.8044003,0.028808500000195636,218.91404880000027,[np.float64(-0.3)],[np.float64(0.05185185185185185)],[1],[0],[0],[1.1226205000002665],['target'],,,,,P2,001,2025-09-26_22h23.51.737,VST,,2025.1.1,59.99332874189894,2025-09-26 22h24.01.001158 +0530,
151,0,151,[np.float64(0.30277777777777776)],[np.float64(0.19722222222222222)],[1],[0],[0],[1.4551273000001856],['target'],151,0,151,0,218.95571910000035,,,,,,5,218.94387800000004,218.95571910000035,218.95571910000035,0.029534399999647576,220.3991178000001,[np.float64(0.30277777777777776)],[np.float64(0.19722222222222222)],[1],[0],[0],[1.4551273000001856],['target'],,,,,P2,001,2025-09-26_22h23.51.737,VST,,2025.1.1,59.99332874189894,2025-09-26 22h24.01.001158 +0530,
152,0,152,[np.float64(-0.037037037037037035)],[np.float64(0.17777777777777778)],[1],[0],[0],[1.3214040999996541],['target'],152,0,152,0,220.43843530000004,,,,,,5,220.42690760000005,220.43843530000004,220.43843530000004,0.027556900000035967,221.74841380000044,[np.float64(-0.037037037037037035)],[np.float64(0.17777777777777778)],[1],[0],[0],[1.3214040999996541],['target'],,,,,P2,001,2025-09-26_22h23.51.737,VST,,2025.1.1,59.99332874189894,2025-09-26 22h24.01.001158 +0530,
153,0,153,[np.float64(0.24814814814814815)],[np.float64(0.3907407407407407)],[1],[0],[0],[1.6115488999998888],['target'],153,0,153,0,221.8203985,,,,,,10,221.8002209000001,221.8203985,221.8203985,0.05161180000004606,223.41194020000012,[np.float64(0.24814814814814815)],[np.float64(0.3907407407407407)],[1],[0],[0],[1.6115488999998888],['target'],,,,,P2,001,2025-09-26_22h23.51.737,VST,,2025.1.1,59.99332874189894,2025-09-26 22h24.01.001158 +0530,
154,0,154,[np.float64(-0.17407407407407408)],[np.float64(-0.11203703703703703)],[1],[0],[0],[1.118381799999952],['target'],154,0,154,0,223.48481250000032,,,,,,10,223.4620428000003,223.48481250000032,223.48481250000032,0.0497893000001568,224.58049170000004,[np.float64(-0.17407407407407408)],[np.float64(-0.11203703703703703)],[1],[0],[0],[1.118381799999952],['target'],,,,,P2,001,2025-09-26_22h23.51.737,VST,,2025.1.1,59.99332874189894,2025-09-26 22h24.01.001158 +0530,
155,0,155,[np.float64(0.05925925925925926)],[np.float64(0.025)],[1],[0],[0],[1.0409689999996772],['target'],155,0,155,0,224.6219645000001,,,,,,5,224.61061960000006,224.6219645000001,224.6219645000001,0.02990440000030503,225.65168210000002,[np.float64(0.05925925925925926)],[np.float64(0.025)],[1],[0],[0],[1.0409689999996772],['target'],,,,,P2,001,2025-09-26_22h23.51.737,VST,,2025.1.1,59.99332874189894,2025-09-26 22h24.01.001158 +0530,
156,0,156,[np.float64(-0.13240740740740742)],[np.float64(-0.4222222222222222)],[1],[0],[0],[1.3439152000000831],['target'],156,0,156,0,225.72047010000006,,,,,,10,225.7009766000001,225.72047010000006,225.72047010000006,0.04911530000026687,227.0450261000001,[np.float64(-0.13240740740740742)],[np.float64(-0.4222222222222222)],[1],[0],[0],[1.3439152000000831],['target'],,,,,P2,001,2025-09-26_22h23.51.737,VST,,2025.1.1,59.99332874189894,2025-09-26 22h24.01.001158 +0530,
157,0,157,"[np.float64(-0.3648148148148148), np.float64(-0.37407407407407406)]","[np.float64(-0.4064814814814815), np.float64(-0.3962962962962963)]","[1, 1]","[0, 0]","[0, 0]","[1.3588770999999724, 2.2285086000001684]","[None, 'target']",157,0,157,0,227.12373790000038,,,,,,10,227.10277240000005,227.12373790000038,227.12373790000038,0.057437100000242935,229.33141540000042,"[np.float64(-0.3648148148148148), np.float64(-0.37407407407407406)]","[np.float64(-0.4064814814814815), np.float64(-0.3962962962962963)]","[1, 1]","[0, 0]","[0, 0]","[1.3588770999999724, 2.2285086000001684]","[None, 'target']",,,,,P2,001,2025-09-26_22h23.51.737,VST,,2025.1.1,59.99332874189894,2025-09-26 22h24.01.001158 +0530,
158,0,158,[np.float64(-0.20185185185185187)],[np.float64(0.23333333333333334)],[1],[0],[0],[1.209161899999799],['target'],158,0,158,0,229.36858520000033,,,,,,5,229.35558530000026,229.36858520000033,229.36858520000033,0.023799800000233517,230.5648443,[np.float64(-0.20185185185185187)],[np.float64(0.23333333333333334)],[1],[0],[0],[1.209161899999799],['target'],,,,,P2,001,2025-09-26_22h23.51.737,VST,,2025.1.1,59.99332874189894,2025-09-26 22h24.01.001158 +0530,
159,0,159,[np.float64(-0.2111111111111111)],[np.float64(-0.001851851851851852)],[1],[0],[0],[1.2733087000001433],['target'],159,0,159,0,230.60167460000002,,,,,,5,230.58849240000018,230.60167460000002,230.60167460000002,0.023435500000232423,231.86190430000033,[np.float64(-0.2111111111111111)],[np.float64(-0.001851851851851852)],[1],[0],[0],[1.2733087000001433],['target'],,,,,P2,001,2025-09-26_22h23.51.737,VST,,2025.1.1,59.99332874189894,2025-09-26 22h24.01.001158 +0530,
160,0,160,[np.float64(0.4675925925925926)],[np.float64(0.2916666666666667)],[1],[0],[0],[1.3147675999998683],['target'],160,0,160,0,231.9356713000002,,,,,,10,231.9151554,231.9356713000002,231.9356713000002,0.05307889999994586,233.23011050000014,[np.float64(0.4675925925925926)],[np.float64(0.2916666666666667)],[1],[0],[0],[1.3147675999998683],['target'],,,,,P2,001,2025-09-26_22h23.51.737,VST,,2025.1.1,59.99332874189894,2025-09-26 22h24.01.001158 +0530,
161,0,161,[np.float64(0.16666666666666666)],[np.float64(-0.3111111111111111)],[1],[0],[0],[1.4634562999999616],['target'],161,0,161,0,233.32544670000016,,,,,,10,233.29796680000027,233.32544670000016,233.32544670000016,0.0675333999997747,234.76153420000037,[np.float64(0.16666666666666666)],[np.float64(-0.3111111111111111)],[1],[0],[0],[1.4634562999999616],['target'],,,,,P2,001,2025-09-26_22h23.51.737,VST,,2025.1.1,59.99332874189894,2025-09-26 22h24.01.001158 +0530,
162,0,162,[np.float64(0.42592592592592593)],[np.float64(0.24351851851851852)],[1],[0],[0],[1.0289560999999594],['target'],162,0,162,0,234.79989270000033,,,,,,5,234.78584620000038,234.79989270000033,234.79989270000033,0.024104699999952572,235.81493340000043,[np.float64(0.42592592592592593)],[np.float64(0.24351851851851852)],[1],[0],[0],[1.0289560999999594],['target'],,,,,P2,001,2025-09-26_22h23.51.737,VST,,2025.1.1,59.99332874189894,2025-09-26 22h24.01.001158 +0530,
163,0,163,[np.float64(0.075)],[np.float64(-0.32407407407407407)],[1],[0],[0],[1.4477323999999498],['target'],163,0,163,0,235.8892562000001,,,,,,10,235.8660120000004,235.8892562000001,235.8892562000001,0.05082859999993161,237.31384130000015,[np.float64(0.075)],[np.float64(-0.32407407407407407)],[1],[0],[0],[1.4477323999999498],['target'],,,,,P2,001,2025-09-26_22h23.51.737,VST,,2025.1.1,59.99332874189894,2025-09-26 22h24.01.001158 +0530,
164,0,164,[np.float64(0.4935185185185185)],[np.float64(-0.2712962962962963)],[1],[0],[0],[1.4227019999998447],['target'],164,0,164,0,237.35352500000045,,,,,,5,237.33924970000044,237.35352500000045,237.35352500000045,0.025194499999997788,238.76209140000037,[np.float64(0.4935185185185185)],[np.float64(-0.2712962962962963)],[1],[0],[0],[1.4227019999998447],['target'],,,,,P2,001,2025-09-26_22h23.51.737,VST,,2025.1.1,59.99332874189894,2025-09-26 22h24.01.001158 +0530,
165,0,165,[np.float64(0.4166666666666667)],[np.float64(-0.36666666666666664)],[1],[0],[0],[1.4026653999999326],['target'],165,0,165,0,238.81071360000033,,,,,,5,238.79586980000022,238.81071360000033,238.81071360000033,0.03317929999957414,240.19867990000012,[np.float64(0.4166666666666667)],[np.float64(-0.36666666666666664)],[1],[0],[0],[1.4026653999999326],['target'],,,,,P2,001,2025-09-26_22h23.51.737,VST,,2025.1.1,59.99332874189894,2025-09-26 22h24.01.001158 +0530,
166,0,166,[np.float64(-0.412962962962963)],[np.float64(0.0824074074074074)],[1],[0],[0],[1.1145059000000401],['target'],166,0,166,0,240.24523660000023,,,,,,5,240.23196980000012,240.24523660000023,240.24523660000023,0.03302940000003218,241.34664120000025,[np.float64(-0.412962962962963)],[np.float64(0.0824074074074074)],[1],[0],[0],[1.1145059000000401],['target'],,,,,P2,001,2025-09-26_22h23.51.737,VST,,2025.1.1,59.99332874189894,2025-09-26 22h24.01.001158 +0530,
167,0,167,[np.float64(-0.21388888888888888)],[np.float64(0.46111111111111114)],[1],[0],[0],[1.6294207000000824],['target'],167,0,167,0,241.42517410000028,,,,,,10,241.39834010000004,241.42517410000028,241.42517410000028,0.05145939999965776,243.02785010000025,[np.float64(-0.21388888888888888)],[np.float64(0.46111111111111114)],[1],[0],[0],[1.6294207000000824],['target'],,,,,P2,001,2025-09-26_22h23.51.737,VST,,2025.1.1,59.99332874189894,2025-09-26 22h24.01.001158 +0530,
168,0,168,[np.float64(0.22870370370370371)],[np.float64(-0.3101851851851852)],[1],[0],[0],[1.2688453000000663],['target'],168,0,168,0,243.0978100000002,,,,,,10,243.07851820000042,243.0978100000002,243.0978100000002,0.05044629999974859,244.34746080000014,[np.float64(0.22870370370370371)],[np.float64(-0.3101851851851852)],[1],[0],[0],[1.2688453000000663],['target'],,,,,P2,001,2025-09-26_22h23.51.737,VST,,2025.1.1,59.99332874189894,2025-09-26 22h24.01.001158 +0530,
169,0,169,[np.float64(0.1675925925925926)],[np.float64(0.38796296296296295)],[1],[0],[0],[1.2623419000001377],['target'],169,0,169,0,244.4212453,,,,,,10,244.40261510000028,244.4212453,244.4212453,0.05493609999984983,245.66505740000002,[np.float64(0.1675925925925926)],[np.float64(0.38796296296296295)],[1],[0],[0],[1.2623419000001377],['target'],,,,,P2,001,2025-09-26_22h23.51.737,VST,,2025.1.1,59.99332874189894,2025-09-26 22h24.01.001158 +0530,
170,0,170,[np.float64(0.017592592592592594)],[np.float64(0.47314814814814815)],[1],[0],[0],[1.2055783000000702],['target'],170,0,170,0,245.7046789000001,,,,,,5,245.69319450000012,245.7046789000001,245.7046789000001,0.02793389999987994,246.89887910000016,[np.float64(0.017592592592592594)],[np.float64(0.47314814814814815)],[1],[0],[0],[1.2055783000000702],['target'],,,,,P2,001,2025-09-26_22h23.51.737,VST,,2025.1.1,59.99332874189894,2025-09-26 22h24.01.001158 +0530,
171,0,171,[np.float64(-0.4935185185185185)],[np.float64(-0.26944444444444443)],[1],[0],[0],[1.2624077999998917],['target'],171,0,171,0,246.9428485000003,,,,,,5,246.93222220000007,246.9428485000003,246.9428485000003,0.03315459999976156,248.194794,[np.float64(-0.4935185185185185)],[np.float64(-0.26944444444444443)],[1],[0],[0],[1.2624077999998917],['target'],,,,,P2,001,2025-09-26_22h23.51.737,VST,,2025.1.1,59.99332874189894,2025-09-26 22h24.01.001158 +0530,
172,0,172,[np.float64(0.2675925925925926)],[np.float64(-0.06574074074074074)],[1],[0],[0],[1.3759713000004012],['target'],172,0,172,0,248.2336634000003,,,,,,5,248.2207510000003,248.2336634000003,248.2336634000003,0.02569519999997283,249.59685030000037,[np.float64(0.2675925925925926)],[np.float64(-0.06574074074074074)],[1],[0],[0],[1.3759713000004012],['target'],,,,,P2,001,2025-09-26_22h23.51.737,VST,,2025.1.1,59.99332874189894,2025-09-26 22h24.01.001158 +0530,
173,0,173,[np.float64(0.43333333333333335)],[np.float64(-0.3712962962962963)],[1],[0],[0],[1.7521307000001798],['target'],173,0,173,0,249.64730020000025,,,,,,5,249.6319728000003,249.64730020000025,249.64730020000025,0.03485769999997501,251.3842367000002,[np.float64(0.43333333333333335)],[np.float64(-0.3712962962962963)],[1],[0],[0],[1.7521307000001798],['target'],,,,,P2,001,2025-09-26_22h23.51.737,VST,,2025.1.1,59.99332874189894,2025-09-26 22h24.01.001158 +0530,
174,0,174,[np.float64(-0.021296296296296296)],[np.float64(-0.09074074074074075)],[1],[0],[0],[1.5854396999998244],['target'],174,0,174,0,251.42398270000012,,,,,,5,251.41249080000034,251.42398270000012,251.42398270000012,0.027949899999839545,252.99800280000045,[np.float64(-0.021296296296296296)],[np.float64(-0.09074074074074075)],[1],[0],[0],[1.5854396999998244],['target'],,,,,P2,001,2025-09-26_22h23.51.737,VST,,2025.1.1,59.99332874189894,2025-09-26 22h24.01.001158 +0530,
175,0,175,[np.float64(0.27870370370370373)],[np.float64(0.48148148148148145)],[1],[0],[0],[1.3930074999998396],['target'],175,0,175,0,253.0707242000003,,,,,,10,253.05135470000005,253.0707242000003,253.0707242000003,0.053178099999968254,254.44468700000016,[np.float64(0.27870370370370373)],[np.float64(0.48148148148148145)],[1],[0],[0],[1.3930074999998396],['target'],,,,,P2,001,2025-09-26_22h23.51.737,VST,,2025.1.1,59.99332874189894,2025-09-26 22h24.01.001158 +0530,
176,0,176,[np.float64(0.03796296296296296)],[np.float64(-0.12962962962962962)],[1],[0],[0],[1.1874499999998989],['target'],176,0,176,0,254.50658520000025,,,,,,10,254.4908389000002,254.50658520000025,254.50658520000025,0.04577340000014374,255.6784246000002,[np.float64(0.03796296296296296)],[np.float64(-0.12962962962962962)],[1],[0],[0],[1.1874499999998989],['target'],,,,,P2,001,2025-09-26_22h23.51.737,VST,,2025.1.1,59.99332874189894,2025-09-26 22h24.01.001158 +0530,
177,0,177,[np.float64(0.4981481481481482)],[np.float64(-0.48055555555555557)],[1],[0],[0],[1.8071826000000328],['target'],177,0,177,0,255.74456640000017,,,,,,10,255.7271350000001,255.74456640000017,255.74456640000017,0.04845100000011371,257.53450420000036,[np.float64(0.4981481481481482)],[np.float64(-0.48055555555555557)],[1],[0],[0],[1.8071826000000328],['target'],,,,,P2,001,2025-09-26_22h23.51.737,VST,,2025.1.1,59.99332874189894,2025-09-26 22h24.01.001158 +0530,
178,0,178,[np.float64(-0.08888888888888889)],[np.float64(-0.38981481481481484)],[1],[0],[0],[1.319088599999759],['target'],178,0,178,0,257.57510950000005,,,,,,5,257.56383570000025,257.57510950000005,257.57510950000005,0.028947100000095816,258.88303210000004,[np.float64(-0.08888888888888889)],[np.float64(-0.38981481481481484)],[1],[0],[0],[1.319088599999759],['target'],,,,,P2,001,2025-09-26_22h23.51.737,VST,,2025.1.1,59.99332874189894,2025-09-26 22h24.01.001158 +0530,
179,0,179,[np.float64(0.37407407407407406)],[np.float64(-0.2898148148148148)],[1],[0],[0],[1.2701569999999265],['target'],179,0,179,0,258.9216357,,,,,,5,258.9092174000002,258.9216357,258.9216357,0.025992699999733304,260.1795873000001,[np.float64(0.37407407407407406)],[np.float64(-0.2898148148148148)],[1],[0],[0],[1.2701569999999265],['target'],,,,,P2,001,2025-09-26_22h23.51.737,VST,,2025.1.1,59.99332874189894,2025-09-26 22h24.01.001158 +0530,
180,0,180,[np.float64(0.4759259259259259)],[np.float64(-0.31574074074074077)],[1],[0],[0],[1.3066791000001103],['target'],180,0,180,0,260.2219336000003,,,,,,5,260.20753190000005,260.2219336000003,260.2219336000003,0.02767760000006092,261.5143441,[np.float64(0.4759259259259259)],[np.float64(-0.31574074074074077)],[1],[0],[0],[1.3066791000001103],['target'],,,,,P2,001,2025-09-26_22h23.51.737,VST,,2025.1.1,59.99332874189894,2025-09-26 22h24.01.001158 +0530,
181,0,181,[np.float64(0.05555555555555555)],[np.float64(0.2824074074074074)],[1],[0],[0],[1.30934759999991],['target'],181,0,181,0,261.5507534000003,,,,,,5,261.53956140000037,261.5507534000003,261.5507534000003,0.0246766000000207,262.84904780000033,[np.float64(0.05555555555555555)],[np.float64(0.2824074074074074)],[1],[0],[0],[1.30934759999991],['target'],,,,,P2,001,2025-09-26_22h23.51.737,VST,,2025.1.1,59.99332874189894,2025-09-26 22h24.01.001158 +0530,
182,0,182,"[np.float64(0.08796296296296297), np.float64(0.07685185185185185)]","[np.float64(-0.31666666666666665), np.float64(-0.3138888888888889)]","[1, 1]","[0, 0]","[0, 0]","[1.5068378999999368, 2.3726290999998128]","[None, 'target']",182,0,182,0,262.92245300000013,,,,,,10,262.90409450000016,262.92245300000013,262.92245300000013,0.0547801999996409,265.2768229000003,"[np.float64(0.08796296296296297), np.float64(0.07685185185185185)]","[np.float64(-0.31666666666666665), np.float64(-0.3138888888888889)]","[1, 1]","[0, 0]","[0, 0]","[1.5068378999999368, 2.3726290999998128]","[None, 'target']",,,,,P2,001,2025-09-26_22h23.51.737,VST,,2025.1.1,59.99332874189894,2025-09-26 22h24.01.001158 +0530,
183,0,183,[np.float64(0.1824074074074074)],[np.float64(0.025)],[1],[0],[0],[1.1310257000000092],['target'],183,0,183,0,265.30824250000023,,,,,,5,265.2987373000001,265.30824250000023,265.30824250000023,0.02167539999982182,266.42990050000026,[np.float64(0.1824074074074074)],[np.float64(0.025)],[1],[0],[0],[1.1310257000000092],['target'],,,,,P2,001,2025-09-26_22h23.51.737,VST,,2025.1.1,59.99332874189894,2025-09-26 22h24.01.001158 +0530,
184,0,184,[np.float64(0.2564814814814815)],[np.float64(0.13796296296296295)],[1],[0],[0],[1.1045556999997643],['target'],184,0,184,0,266.5314228000002,,,,,,10,266.49131130000023,266.5314228000002,266.5314228000002,0.06113419999974212,267.59594670000024,[np.float64(0.2564814814814815)],[np.float64(0.13796296296296295)],[1],[0],[0],[1.1045556999997643],['target'],,,,,P2,001,2025-09-26_22h23.51.737,VST,,2025.1.1,59.99332874189894,2025-09-26 22h24.01.001158 +0530,
185,0,185,[np.float64(-0.4305555555555556)],[np.float64(0.22685185185185186)],[1],[0],[0],[1.0820903999997427],['target'],185,0,185,0,267.6678946000002,,,,,,10,267.64557130000003,267.6678946000002,267.6678946000002,0.049384700000246085,268.7278011000003,[np.float64(-0.4305555555555556)],[np.float64(0.22685185185185186)],[1],[0],[0],[1.0820903999997427],['target'],,,,,P2,001,2025-09-26_22h23.51.737,VST,,2025.1.1,59.99332874189894,2025-09-26 22h24.01.001158 +0530,
186,0,186,[np.float64(0.028703703703703703)],[np.float64(0.44537037037037036)],[1],[0],[0],[1.4263074000000415],['target'],186,0,186,0,268.7667290000004,,,,,,5,268.7532193000002,268.7667290000004,268.7667290000004,0.02509409999993295,270.17964550000033,[np.float64(0.028703703703703703)],[np.float64(0.44537037037037036)],[1],[0],[0],[1.4263074000000415],['target'],,,,,P2,001,2025-09-26_22h23.51.737,VST,,2025.1.1,59.99332874189894,2025-09-26 22h24.01.001158 +0530,
187,0,187,[np.float64(-0.4111111111111111)],[np.float64(0.47962962962962963)],[1],[0],[0],[1.4284370000000308],['target'],187,0,187,0,270.21738240000013,,,,,,5,270.20352340000045,270.21738240000013,270.21738240000013,0.023717199999737204,271.6320883000003,[np.float64(-0.4111111111111111)],[np.float64(0.47962962962962963)],[1],[0],[0],[1.4284370000000308],['target'],,,,,P2,001,2025-09-26_22h23.51.737,VST,,2025.1.1,59.99332874189894,2025-09-26 22h24.01.001158 +0530,
188,0,188,[np.float64(0.08981481481481482)],[np.float64(-0.17685185185185184)],[1],[0],[0],[1.2381165000001602],['target'],188,0,188,0,271.67056200000025,,,,,,5,271.65980830000035,271.67056200000025,271.67056200000025,0.027425100000073144,272.89801460000035,[np.float64(0.08981481481481482)],[np.float64(-0.17685185185185184)],[1],[0],[0],[1.2381165000001602],['target'],,,,,P2,001,2025-09-26_22h23.51.737,VST,,2025.1.1,59.99332874189894,2025-09-26 22h24.01.001158 +0530,
189,0,189,[np.float64(-0.10185185185185185)],[np.float64(-0.46111111111111114)],[1],[0],[0],[1.7131906999998137],['target'],189,0,189,0,272.9652317,,,,,,10,272.9470354,272.9652317,272.9652317,0.048857199999929435,274.66043030000037,[np.float64(-0.10185185185185185)],[np.float64(-0.46111111111111114)],[1],[0],[0],[1.7131906999998137],['target'],,,,,P2,001,2025-09-26_22h23.51.737,VST,,2025.1.1,59.99332874189894,2025-09-26 22h24.01.001158 +0530,
190,0,190,[np.float64(-0.14351851851851852)],[np.float64(-0.22407407407407406)],[1],[0],[0],[0.9773898999997073],['target'],190,0,190,0,274.6994166000004,,,,,,5,274.68650240000034,274.6994166000004,274.6994166000004,0.02568730000029973,275.66399660000025,[np.float64(-0.14351851851851852)],[np.float64(-0.22407407407407406)],[1],[0],[0],[0.9773898999997073],['target'],,,,,P2,001,2025-09-26_22h23.51.737,VST,,2025.1.1,59.99332874189894,2025-09-26 22h24.01.001158 +0530,
191,0,191,[np.float64(0.262037037037037)],[np.float64(0.4425925925925926)],[1],[0],[0],[1.4107484999999542],['target'],191,0,191,0,275.6980158000001,,,,,,5,275.68615820000014,275.6980158000001,275.6980158000001,0.021943499999906635,277.09703830000035,[np.float64(0.262037037037037)],[np.float64(0.4425925925925926)],[1],[0],[0],[1.4107484999999542],['target'],,,,,P2,001,2025-09-26_22h23.51.737,VST,,2025.1.1,59.99332874189894,2025-09-26 22h24.01.001158 +0530,
192,0,192,[np.float64(-0.42685185185185187)],[np.float64(-0.11666666666666667)],[1],[0],[0],[1.1737562999996953],['target'],192,0,192,0,277.13736780000045,,,,,,5,277.1229156000004,277.13736780000045,277.13736780000045,0.025587699999960023,278.29677040000024,[np.float64(-0.42685185185185187)],[np.float64(-0.11666666666666667)],[1],[0],[0],[1.1737562999996953],['target'],,,,,P2,001,2025-09-26_22h23.51.737,VST,,2025.1.1,59.99332874189894,2025-09-26 22h24.01.001158 +0530,
193,0,193,[np.float64(-0.38055555555555554)],[np.float64(0.15833333333333333)],[1],[0],[0],[1.035874000000149],['target'],193,0,193,0,278.3647168000002,,,,,,10,278.3445915000002,278.3647168000002,278.3647168000002,0.04761950000010984,279.3806045000001,[np.float64(-0.38055555555555554)],[np.float64(0.15833333333333333)],[1],[0],[0],[1.035874000000149],['target'],,,,,P2,001,2025-09-26_22h23.51.737,VST,,2025.1.1,59.99332874189894,2025-09-26 22h24.01.001158 +0530,
194,0,194,[np.float64(-0.4685185185185185)],[np.float64(0.15462962962962962)],[1],[0],[0],[1.209839600000123],['target'],194,0,194,0,279.4171629000002,,,,,,5,279.4050599000002,279.4171629000002,279.4171629000002,0.024041699999997945,280.6150395000004,[np.float64(-0.4685185185185185)],[np.float64(0.15462962962962962)],[1],[0],[0],[1.209839600000123],['target'],,,,,P2,001,2025-09-26_22h23.51.737,VST,,2025.1.1,59.99332874189894,2025-09-26 22h24.01.001158 +0530,
195,0,195,[np.float64(0.10462962962962963)],[np.float64(-0.32592592592592595)],[1],[0],[0],[1.3501066000003448],['target'],195,0,195,0,280.68171580000035,,,,,,10,280.6626003000001,280.68171580000035,280.68171580000035,0.047292900000229565,282.01281020000033,[np.float64(0.10462962962962963)],[np.float64(-0.32592592592592595)],[1],[0],[0],[1.3501066000003448],['target'],,,,,P2,001,2025-09-26_22h23.51.737,VST,,2025.1.1,59.99332874189894,2025-09-26 22h24.01.001158 +0530,
196,0,196,[np.float64(-0.4583333333333333)],[np.float64(-0.48148148148148145)],[1],[0],[0],[1.55311010000014],['target'],196,0,196,0,282.0792069000004,,,,,,10,282.0574969000004,282.0792069000004,282.0792069000004,0.044470799999999144,283.61070940000036,[np.float64(-0.4583333333333333)],[np.float64(-0.48148148148148145)],[1],[0],[0],[1.55311010000014],['target'],,,,,P2,001,2025-09-26_22h23.51.737,VST,,2025.1.1,59.99332874189894,2025-09-26 22h24.01.001158 +0530,
197,0,197,[np.float64(0.34814814814814815)],[np.float64(-0.1685185185185185)],[1],[0],[0],[1.3292320000000473],['target'],197,0,197,0,283.6471892000004,,,,,,5,283.6351387000004,283.6471892000004,283.6471892000004,0.02439070000036736,284.96453500000007,[np.float64(0.34814814814814815)],[np.float64(-0.1685185185185185)],[1],[0],[0],[1.3292320000000473],['target'],,,,,P2,001,2025-09-26_22h23.51.737,VST,,2025.1.1,59.99332874189894,2025-09-26 22h24.01.001158 +0530,
198,0,198,[np.float64(0.20555555555555555)],[np.float64(-0.2916666666666667)],[1],[0],[0],[1.121169000000009],['target'],198,0,198,0,285.00383230000034,,,,,,5,284.9927756000002,285.00383230000034,285.00383230000034,0.0280203000002075,286.1140687000002,[np.float64(0.20555555555555555)],[np.float64(-0.2916666666666667)],[1],[0],[0],[1.121169000000009],['target'],,,,,P2,001,2025-09-26_22h23.51.737,VST,,2025.1.1,59.99332874189894,2025-09-26 22h24.01.001158 +0530,
199,0,199,[np.float64(-0.22314814814814815)],[np.float64(0.3138888888888889)],[1],[0],[0],[1.1905880999997862],['target'],199,0,199,0,286.15293050000037,,,,,,5,286.13953500000025,286.15293050000037,286.15293050000037,0.02529529999992519,287.33022400000027,[np.float64(-0.22314814814814815)],[np.float64(0.3138888888888889)],[1],[0],[0],[1.1905880999997862],['target'],,,,,P2,001,2025-09-26_22h23.51.737,VST,,2025.1.1,59.99332874189894,2025-09-26 22h24.01.001158 +0530,
,,,,,,,,,,,,,,,,,,,,,,,,,,,,,,,,,287.33062670000027,287.34219280000025,288.3426088000001,288.3260706000001,P2,001,2025-09-26_22h23.51.737,VST,,2025.1.1,59.99332874189894,2025-09-26 22h24.01.001158 +0530,
